year_month,country,visitor_count,exchange_rate,oil_price,buzz_volume,engagement,potential_exposure,positive_pct,negative_pct,date,month,quarter,season,is_peak_season,visitor_lag1,visitor_lag2,visitor_lag3,visitor_mom_growth,visitor_3m_avg,visitor_6m_avg,visitor_vs_3m_avg,visitor_rolling_std,total_visitors_month,country_share,buzz_lag1,engagement_lag1,exposure_lag1,buzz_mom_growth,engagement_mom_growth,exposure_mom_growth,engagement_per_visitor,buzz_per_visitor,buzz_3m_avg,buzz_vs_3m_avg,priority_score,priority_label,hallyu_spend_count,hallyu_lag1,hallyu_mom_growth,hallyu_per_visitor
201811,대만,88165.0,36.59,65.56,36497,408942,343111,82.15767634854771,17.842323651452283,2018-11-01,11,4,fall,0,,,,,,,,,924065.0,0.0954099549274131,,,,,,,4.638371235751149,0.4139624567572166,,,0.4065034104897415,High,140355.0,,,1.5919582600805309
201812,대만,87308.0,36.57,57.32,78354,415295,343111,74.16666666666667,25.833333333333336,2018-12-01,12,4,winter,0,88165.0,,,-0.009720410593773,,,,,892677.0,0.0978046930748747,36497.0,408942.0,343111.0,1.1468613858673316,0.015535210372131,0.0,4.756666055802446,0.8974435332386493,,,0.5007663048425366,Medium,139689.0,140355.0,-0.0047451106123757615,1.599956475924314
201901,대만,87954.0,36.35,59.09,80071,509220,343111,74.21383647798741,25.78616352201258,2019-01-01,1,1,winter,0,87308.0,88165.0,,0.007399092866633,,,,,785927.0,0.1119111571430934,78354.0,415295.0,343111.0,0.0219133675370753,0.2261645336447585,0.0,5.789617299952248,0.91037360438411,,,0.6777192193700364,High,137510.0,139689.0,-0.015598937640043239,1.5634308843258977
201902,대만,94559.0,36.31,64.59,47696,1058591,343111,86.56716417910447,13.432835820895525,2019-02-01,2,1,winter,0,87954.0,87308.0,88165.0,0.0750960729472224,87809.0,,1.076871391315241,446.52099614687774,870182.0,0.1086657733669508,80071.0,509220.0,343111.0,-0.4043286583157447,1.0788480421036095,0.0,11.1950316733468,0.5044046574096596,64974.0,0.7340782466832887,0.5136782422073857,High,127111.0,137510.0,-0.0756235910115628,1.3442506794699605
201903,대만,98510.0,36.86,66.94,47933,714948,343111,77.7027027027027,22.2972972972973,2019-03-01,3,1,spring,1,94559.0,87954.0,87308.0,0.0417834367960744,89940.33333333333,,1.095281686747881,4012.90298080247,1091595.0,0.0902440923602618,47696.0,1058591.0,343111.0,0.0049689701442468,-0.3246230130428088,0.0,7.257618515886712,0.4865800426352654,68707.0,0.6976436170986945,0.4698736484163668,High,169749.0,127111.0,0.33543910440481156,1.7231651608973708
201904,대만,113072.0,37.54,70.94,52560,505032,343111,75.53956834532374,24.46043165467626,2019-04-01,4,2,spring,1,98510.0,94559.0,87954.0,0.1478225560856765,93674.33333333331,,1.207075577443839,5333.316072888741,1075042.0,0.1051791464891604,47933.0,714948.0,343111.0,0.0965305739261051,-0.2936101646553316,0.0,4.466463846044998,0.4648365643130041,58566.66666666666,0.8974388161639159,0.4904409937943848,High,197318.0,169749.0,0.16241038238811423,1.7450650912692798
201905,대만,101779.0,38.08,69.38,51751,432200,1054470,80.09950248756219,19.900497512437813,2019-05-01,5,2,spring,1,113072.0,98510.0,94559.0,-0.0998744163011178,102047.0,94928.0,0.9973737591501955,9750.157383345157,1041306.0,0.0977416820800033,52560.0,505032.0,343111.0,-0.0153919330289193,-0.1442126439512743,2.073262005590028,4.246455555664725,0.5084644180037139,49396.333333333336,1.0476688553131472,0.5281577372240607,Medium,170645.0,197318.0,-0.13517773340496053,1.6766228789828943
201906,대만,118437.0,37.35,61.78,45834,628010,1054470,77.77777777777779,22.22222222222222,2019-06-01,6,2,summer,0,101779.0,113072.0,98510.0,0.1636683402273553,104453.66666666669,97197.0,1.1338711581849688,7640.5721208122495,1043046.0,0.1135491627406653,51751.0,432200.0,1054470.0,-0.1143359548607756,0.4530541416011105,0.0,5.302481488048499,0.3869905519390055,50748.0,0.9031685977772524,0.6871465920474094,High,205798.0,170645.0,0.20600076181546487,1.7376157788528923
201907,대만,113587.0,38.08,63.28,71621,1586810,1054470,59.91189427312775,40.08810572687225,2019-07-01,7,3,summer,0,118437.0,101779.0,113072.0,-0.0409500409500409,111096.0,102385.16666666669,1.0224220493987182,8502.980242244483,1064013.0,0.1067533949303251,45834.0,628010.0,1054470.0,0.5626172710215124,1.5267272814127164,0.0,13.969996566508492,0.6305387060138924,50048.333333333336,1.4310366645575945,0.4356177318700692,Medium,190530.0,205798.0,-0.07418925353987892,1.677392659371231
201908,대만,109273.0,38.8,59.13,112260,936928,1054470,72.88135593220339,27.11864406779661,2019-08-01,8,3,summer,0,113587.0,118437.0,101779.0,-0.0379796983809766,111267.66666666669,106657.33333333331,0.9820732587783813,8567.772250318829,1169581.0,0.093429185323633,71621.0,1586810.0,1054470.0,0.5674173775847866,-0.4095524984087572,0.0,8.574194906335508,1.0273352063181207,56402.0,1.9903549519520585,0.4852542824662463,Medium,192105.0,190530.0,0.00826641473783656,1.7580280581662442
201909,대만,102758.0,38.69,61.13,75789,671943,1054470,85.79234972677595,14.207650273224044,2019-09-01,9,3,fall,1,109273.0,113587.0,118437.0,-0.0596213154210097,113765.66666666669,109109.66666666669,0.9032426303190476,4584.611797451705,1031957.0,0.0995758544202907,112260.0,936928.0,1054470.0,-0.3248797434526991,-0.2828232265446224,0.0,6.539082115261099,0.7375484147219681,76571.66666666667,0.9897786387480138,0.6132729981252679,High,198809.0,192105.0,0.03489758205148226,1.9347301426652912
201910,대만,127944.0,38.49,59.39,72320,1022868,1054470,84.30744595676542,15.692554043234589,2019-10-01,10,4,fall,1,102758.0,109273.0,113587.0,0.2451001381887541,108539.33333333331,109817.66666666669,1.1787800428723227,5451.65207376015,1110823.0,0.115179466035543,75789.0,671943.0,1054470.0,-0.0457718138516143,0.5222541197690875,0.0,7.9946539110861,0.5652472956918652,86556.66666666667,0.8355220087033542,0.5718202039353598,High,237943.0,198809.0,0.19684219527284982,1.859743325204777
201911,대만,102241.0,38.74,61.99,72371,920164,1054470,81.33514986376021,18.66485013623978,2019-11-01,11,4,fall,0,127944.0,102758.0,109273.0,-0.2008925780028762,113325.0,112296.33333333331,0.9021928082947276,13072.783827479134,1006970.0,0.1015333128097162,72320.0,1022868.0,1054470.0,0.0007051991150442,-0.1004078727655963,0.0,8.999951095939984,0.7078471454700169,86789.66666666667,0.8338665509334828,0.4167582629962988,Medium,208739.0,237943.0,-0.12273527693607293,2.0416369166968242
201912,대만,90379.0,38.47,64.91,89449,910057,1054470,81.67239404352806,18.32760595647193,2019-12-01,12,4,winter,0,102241.0,127944.0,102758.0,-0.1160199919797341,110981.0,112373.33333333331,0.8143646209711572,14692.66310101746,1003750.0,0.0900413449564134,72371.0,920164.0,1054470.0,0.2359784996752843,-0.0109839115635908,0.0,10.069341329291095,0.9897099990041934,73493.33333333333,1.2171035921625546,0.3648971000719517,Medium,189967.0,208739.0,-0.0899304873550223,2.1018931388928843
202001,대만,110354.0,39.45,64.32,123025,797701,1054470,55.689368770764126,44.31063122923588,2020-01-01,1,1,winter,0,90379.0,102241.0,127944.0,0.2210137310658449,106854.66666666669,107697.0,1.0327485307146154,19202.77965122064,930221.0,0.1186320240028982,89449.0,910057.0,1054470.0,0.3753647329763329,-0.1234603986343712,0.0,7.228564438081085,1.1148213929717092,78046.66666666667,1.5763005039719824,0.6864623776450616,High,177793.0,189967.0,-0.06408481473097959,1.6111151385541076
202002,대만,53042.0,40.33,54.23,131761,436979,1054470,35.26970954356847,64.73029045643153,2020-02-01,2,1,winter,0,110354.0,90379.0,102241.0,-0.5193468292948149,100991.33333333331,107158.16666666669,0.5252133846468674,10045.964679080524,431732.0,0.122858625258262,123025.0,797701.0,1054470.0,0.0710099573257468,-0.4522020155421642,0.0,8.238358282116058,2.484088081143245,94948.33333333331,1.3877126156330637,0.4541361959989369,High,115119.0,177793.0,-0.3525110662399532,2.170336714301874
202003,대만,585.0,40.59,33.71,136462,849305,1054470,29.397590361445783,70.60240963855422,2020-03-01,3,1,spring,1,53042.0,110354.0,90379.0,-0.9889710041099506,84591.66666666667,97786.33333333331,0.0069155748202147,29090.999576042992,36359.0,0.0160895514178057,131761.0,436979.0,1054470.0,0.0356782355932332,0.9435831012474284,0.0,1451.8034188034187,233.26837606837609,114745.0,1.1892631487210772,0.3394432196325577,Low,8704.0,115119.0,-0.9243912820646462,14.878632478632479
202004,대만,155.0,40.91,20.39,71827,702282,1054470,32.92278540975841,67.0772145902416,2020-04-01,4,2,spring,1,585.0,53042.0,110354.0,-0.7350427350427351,54660.333333333336,80757.5,0.0028356943792268,54902.39149921735,10902.0,0.0142175747569253,136462.0,849305.0,1054470.0,-0.4736483416628805,-0.1731097779949488,0.0,4530.851612903226,463.4,130416.0,0.5507529750950804,0.4189930376309783,Medium,8406.0,8704.0,-0.03423713235294118,54.23225806451613
202005,대만,189.0,41.4,30.47,9260,58701,87811,38.75551200391965,61.24448799608035,2020-05-01,5,2,spring,1,155.0,585.0,53042.0,0.2193548387096774,17927.333333333332,59459.333333333336,0.0105425607080435,30410.953394021253,14485.0,0.0130479806696582,71827.0,702282.0,1054470.0,-0.871079120664931,-0.9164139191948534,-0.916724989805305,310.5873015873016,48.99470899470899,113350.0,0.0816938685487428,0.2640391396711395,Low,8959.0,8406.0,0.06578634308827028,47.402116402116405
202006,대만,240.0,40.74,40.8,9306,36566,87811,46.68335419274093,53.31664580725908,2020-06-01,6,2,summer,0,189.0,155.0,585.0,0.2698412698412698,309.6666666666667,42450.66666666666,0.77502691065662,239.0509011329972,15568.0,0.0154162384378211,9260.0,58701.0,87811.0,0.0049676025917926,-0.3770804585952539,0.0,152.35833333333332,38.775,72516.33333333333,0.1283297096286354,0.1250557267552813,Low,10077.0,8959.0,0.12479071324924657,41.9875
202007,대만,305.0,40.66,43.3,8207,122542,87811,77.15355805243446,22.846441947565545,2020-07-01,7,3,summer,0,240.0,189.0,155.0,0.2708333333333333,194.66666666666663,27427.5,1.5667808219178083,42.7823951234186,22798.0,0.0133783665233792,9306.0,36566.0,87811.0,-0.1180958521384053,2.351255264453317,0.0,401.7770491803279,26.90819672131148,30131.0,0.2723772858517805,0.1462728977452836,Low,10251.0,10077.0,0.01726704376302471,33.609836065573774
202008,대만,655.0,40.39,44.0,7847,132083,87811,83.37874659400545,16.62125340599455,2020-08-01,8,3,summer,0,305.0,240.0,189.0,1.147540983606557,244.66666666666663,9086.0,2.677111716621253,58.14063409094402,31740.0,0.0206364209199747,8207.0,122542.0,87811.0,-0.0438649932984038,0.0778590197646521,0.0,201.65343511450385,11.980152671755723,8924.333333333334,0.8792813655548499,0.3809811544097185,Medium,10665.0,10251.0,0.04038630377524144,16.282442748091604
202009,대만,329.0,40.31,41.51,7686,188486,87811,79.54545454545455,20.454545454545457,2020-09-01,9,3,fall,1,655.0,305.0,240.0,-0.4977099236641221,400.0,354.8333333333333,0.8225,223.2151428536289,28971.0,0.0113561837699768,7847.0,132083.0,87811.0,-0.0205173951828724,0.4270269451784105,0.0,572.9057750759879,23.361702127659573,8453.333333333334,0.9092271293375394,0.1433167835273849,Low,12115.0,10665.0,0.13595874355368026,36.82370820668693
202010,대만,299.0,39.94,40.67,7644,153932,87811,41.6015625,58.3984375,2020-10-01,10,4,fall,1,329.0,655.0,305.0,-0.0911854103343465,429.6666666666667,312.1666666666667,0.6958882854926299,195.51300041813008,25128.0,0.0118990767271569,7686.0,188486.0,87811.0,-0.0054644808743169,-0.1833239604002419,0.0,514.8227424749164,25.565217391304348,7913.333333333333,0.9659646166807077,0.2118618182001159,Low,13871.0,12115.0,0.14494428394552208,46.391304347826086
202011,대만,299.0,38.72,43.42,7180,147104,87811,45.494505494505496,54.5054945054945,2020-11-01,11,4,fall,0,299.0,329.0,655.0,0.0,427.6666666666667,336.1666666666667,0.6991426344505066,197.44703931054448,23916.0,0.0125020906506104,7644.0,153932.0,87811.0,-0.0607012035583464,-0.0443572486552503,0.0,491.9866220735786,24.01337792642141,7725.666666666667,0.9293696336885704,0.1524590770783943,Low,12947.0,13871.0,-0.06661379857256146,43.30100334448161
202012,대만,264.0,38.68,49.84,6573,149352,87811,35.751295336787564,64.24870466321244,2020-12-01,12,4,winter,0,299.0,299.0,329.0,-0.1170568561872909,309.0,354.5,0.8543689320388349,17.32050805157401,21363.0,0.0123578149136357,7180.0,147104.0,87811.0,-0.0845403899721448,0.0152817054600826,0.0,565.7272727272727,24.897727272727277,7503.333333333333,0.876010661928032,0.2919284298282326,Low,11844.0,12947.0,-0.08519348111531629,44.86363636363637
202101,대만,253.0,39.88,54.82,5112,176052,87811,36.63500678426052,63.36499321573948,2021-01-01,1,1,winter,0,264.0,299.0,299.0,-0.0416666666666666,287.3333333333333,358.5,0.8805104408352669,20.20725942163689,20972.0,0.0120637039862674,6573.0,149352.0,87811.0,-0.2222729347329986,0.1787722963201028,0.0,695.8577075098814,20.205533596837945,7132.333333333333,0.7167359910267795,0.082450573473342,Low,9557.0,11844.0,-0.1930935494765282,37.77470355731225
202102,대만,444.0,39.76,60.89,5776,156423,87811,60.43771043771044,39.56228956228956,2021-02-01,2,1,winter,0,253.0,264.0,299.0,0.7549407114624506,272.0,349.8333333333333,1.6323529411764706,24.02082429892862,25486.0,0.0174213293572942,5112.0,176052.0,87811.0,0.1298904538341158,-0.111495467248313,0.0,352.30405405405406,13.00900900900901,6288.333333333333,0.918526371587596,0.3001927089700713,Low,8542.0,9557.0,-0.1062048760071152,19.23873873873874
202103,대만,326.0,40.16,64.44,6858,148337,87811,63.78737541528239,36.21262458471761,2021-03-01,3,1,spring,1,444.0,253.0,264.0,-0.2657657657657657,320.3333333333333,314.6666666666667,1.0176899063475546,107.23960711105453,32665.0,0.0099801010255625,5776.0,156423.0,87811.0,0.1873268698060941,-0.0516931653273495,0.0,455.021472392638,21.03680981595092,5820.333333333333,1.1782830307542524,0.17263576656141,Low,10836.0,8542.0,0.268555373448841,33.239263803680984
202104,대만,278.0,39.72,62.92,6362,156101,87811,67.27861771058315,32.721382289416844,2021-04-01,4,2,spring,1,326.0,444.0,253.0,-0.147239263803681,341.0,314.1666666666667,0.8152492668621701,96.37945839233588,30962.0,0.0089787481428848,6858.0,148337.0,87811.0,-0.0723242927967337,0.0523402792290527,0.0,561.5143884892086,22.884892086330936,5915.333333333333,1.0755099740786658,0.3070846685491598,Low,11031.0,10836.0,0.017995570321151715,39.67985611510792
202105,대만,349.0,40.27,66.34,77105,909951,1119981,66.78082191780823,33.21917808219178,2021-05-01,5,2,spring,1,278.0,326.0,444.0,0.2553956834532374,349.3333333333333,310.6666666666667,0.9990458015267176,85.42443054146358,33346.0,0.0104660229112937,6362.0,156101.0,87811.0,11.119616472807293,4.829245168192388,11.754449898076553,2607.3094555873927,220.93123209169053,6332.0,12.177037271004425,0.4612754639688509,High,11220.0,11031.0,0.017133532771280935,32.14899713467049
202106,대만,275.0,40.71,71.6,79031,1036537,1119981,49.421965317919074,50.57803468208093,2021-06-01,6,2,summer,0,349.0,278.0,326.0,-0.2120343839541547,317.6666666666667,319.0,0.8656873032528856,36.226141573915015,32330.0,0.0085060315496442,77105.0,909951.0,1119981.0,0.0249789248427469,0.1391129852046978,0.0,3769.2254545454543,287.38545454545454,30108.33333333333,2.6248879047882645,0.3999164071807013,Low,13318.0,11220.0,0.18698752228163992,48.42909090909091
202107,대만,304.0,41.18,72.93,95507,959389,1119981,62.975098296199214,37.02490170380079,2021-07-01,7,3,summer,0,275.0,349.0,278.0,0.1054545454545454,300.6666666666667,320.8333333333333,1.0110864745011086,41.88476254359495,36523.0,0.0083235221641157,79031.0,1036537.0,1119981.0,0.2084751553187989,-0.0744286021627785,0.0,3155.8848684210525,314.16776315789474,54166.0,1.7632278551120628,0.468202046085259,High,13130.0,13318.0,-0.014116233668719027,43.19078947368421
202108,대만,601.0,41.96,69.5,89565,922467,1119981,71.56940063091483,28.430599369085176,2021-08-01,8,3,summer,0,304.0,275.0,349.0,0.9769736842105264,309.3333333333333,329.3333333333333,1.9428879310344829,37.28717384481337,40720.0,0.0147593320235756,95507.0,959389.0,1119981.0,-0.0622153350016229,-0.0384849107087948,0.0,1534.8868552412646,149.02662229617306,83881.0,1.0677626637736797,0.5281921427200867,Medium,14705.0,13130.0,0.11995430312261995,24.467554076539102
202109,대만,294.0,42.82,72.63,112399,901212,1119981,77.39825581395348,22.60174418604652,2021-09-01,9,3,fall,1,601.0,304.0,275.0,-0.5108153078202995,393.3333333333333,355.5,0.747457627118644,180.4281943969216,39934.0,0.0073621475434466,89565.0,922467.0,1119981.0,0.2549433372411098,-0.0230414746543778,0.0,3065.3469387755104,382.3095238095238,88034.33333333333,1.2767632325267038,0.3692393436439423,Low,14558.0,14705.0,-0.009996599795987758,49.51700680272109
202110,대만,341.0,42.23,81.61,108647,767269,1119981,83.35071254779284,16.649287452207158,2021-10-01,10,4,fall,1,294.0,601.0,304.0,0.1598639455782313,399.6666666666667,350.1666666666667,0.8532110091743119,174.43145740758268,37337.0,0.0091330315772558,112399.0,901212.0,1119981.0,-0.0333810799028461,-0.1486254066745671,0.0,2250.0557184750733,318.61290322580646,99157.0,1.095706808394768,0.6536482078739306,High,15924.0,14558.0,0.09383157027064157,46.697947214076244
202111,대만,375.0,42.99,80.3,117808,560414,1119981,87.02408702408702,12.975912975912976,2021-11-01,11,4,fall,0,341.0,294.0,601.0,0.0997067448680351,412.0,360.6666666666667,0.9101941747572816,165.35718913914812,34712.0,0.0108031804563263,108647.0,767269.0,1119981.0,0.0843189411580623,-0.2695990584788386,0.0,1494.4373333333333,314.1546666666667,103537.0,1.137834783700513,0.5291049582804657,High,15021.0,15924.0,-0.056706857573474004,40.056
202112,대만,290.0,42.84,73.21,88322,490571,1119981,86.26172034243783,13.738279657562169,2021-12-01,12,4,winter,0,375.0,341.0,294.0,-0.2266666666666666,336.6666666666667,365.0,0.8613861386138614,40.67349669420288,29906.0,0.009697050759045,117808.0,560414.0,1119981.0,-0.2502886051881027,-0.1246275075212253,0.0,1691.6241379310345,304.5586206896552,112951.33333333331,0.781947387370372,0.5198358588957607,Medium,14931.0,15021.0,-0.005991611743559017,51.48620689655172
202201,대만,309.0,43.53,83.47,100420,560309,1119981,87.5667022411953,12.433297758804695,2022-01-01,1,1,winter,0,290.0,375.0,341.0,0.0655172413793103,335.3333333333333,367.5,0.9214711729622268,42.78239513320089,26606.0,0.0116139216718033,88322.0,490571.0,1119981.0,0.1369760648536038,0.1421567927985959,0.0,1813.297734627832,324.9838187702265,104925.66666666669,0.957058489025564,0.6093486251422319,High,11219.0,14931.0,-0.24861027392672963,36.30744336569579
202202,대만,857.0,43.18,92.36,69814,583472,1119981,86.066763425254,13.933236574746008,2022-02-01,2,1,winter,0,309.0,290.0,375.0,1.773462783171521,324.6666666666667,368.3333333333333,2.639630390143737,44.61315202194675,36660.0,0.0233769776322967,100420.0,560309.0,1119981.0,-0.304779924317865,0.0413396893499836,0.0,680.8308051341891,81.463243873979,102183.33333333331,0.6832229652585223,0.5838030165765588,High,11165.0,11219.0,-0.004813263214190213,13.028004667444574
202203,대만,410.0,42.63,110.93,90931,569733,1119981,85.02389803505045,14.976101964949548,2022-03-01,3,1,spring,1,857.0,309.0,290.0,-0.5215869311551925,485.3333333333333,411.0,0.8447802197802198,322.01293969859864,33651.0,0.0121838875516329,69814.0,583472.0,1119981.0,0.3024751482510671,-0.0235469739764718,0.0,1389.5926829268292,221.7829268292683,86185.33333333333,1.0550635065517722,0.4063656193861257,Medium,19815.0,11165.0,0.7747424988804299,48.329268292682926
202204,대만,505.0,43.71,102.82,90432,818736,1119981,89.5687885010267,10.431211498973306,2022-04-01,4,2,spring,1,410.0,857.0,309.0,0.2317073170731707,525.3333333333334,430.3333333333333,0.9612944162436547,291.6373318581373,43988.0,0.0114804037464763,90931.0,569733.0,1119981.0,-0.0054876774697297,0.4370520928224273,0.0,1621.259405940594,179.07326732673266,87055.0,1.0387915685486186,0.5234583985780417,Medium,20985.0,19815.0,0.059046177138531414,41.554455445544555
202205,대만,786.0,42.98,108.16,8982,94770,134390,84.13312693498453,15.86687306501548,2022-05-01,5,2,spring,1,505.0,410.0,857.0,0.5564356435643565,590.6666666666666,457.6666666666667,1.3306997742663658,235.4916842126985,58537.0,0.0134274048892153,90432.0,818736.0,1119981.0,-0.9006767515923567,-0.8842484024154306,-0.8800068929740772,120.57251908396948,11.427480916030534,83725.66666666667,0.1072789307938226,0.2324587972645889,Low,24421.0,20985.0,0.16373600190612342,31.06997455470738
202206,대만,1008.0,43.67,113.27,9708,171425,134390,77.19844357976655,22.801556420233464,2022-06-01,6,2,summer,0,786.0,505.0,410.0,0.2824427480916031,567.0,526.1666666666666,1.7777777777777777,195.51726266496252,75710.0,0.0133139611676132,8982.0,94770.0,134390.0,0.0808283233132932,0.8088530125567163,0.0,170.06448412698413,9.63095238095238,63448.333333333336,0.153006383146392,0.1320267311574026,Low,28418.0,24421.0,0.1636706113590762,28.192460317460316
202207,대만,1756.0,43.7,103.14,10868,129583,134390,75.83036773428232,24.16963226571768,2022-07-01,7,3,summer,0,1008.0,786.0,505.0,0.7420634920634921,766.3333333333334,645.8333333333334,2.291431056981296,252.0760467266441,86631.0,0.0202698802968914,9708.0,171425.0,134390.0,0.1194890811701689,-0.24408341840455,0.0,73.79441913439635,6.189066059225513,36374.0,0.2987848463187991,0.2974726163760913,Low,34200.0,28418.0,0.20346259413048068,19.47608200455581
202208,대만,4401.0,44.79,96.63,12002,140259,134390,77.92447037150752,22.075529628492475,2022-08-01,8,3,summer,0,1756.0,1008.0,786.0,1.50626423690205,1183.3333333333333,887.0,3.719154929577465,508.2138657428911,113473.0,0.0387845566786812,10868.0,129583.0,134390.0,0.1043430253956569,0.0823873501925406,0.0,31.86980231765508,2.727107475573733,9852.666666666666,1.2181473712700457,0.3863109512670439,Low,43944.0,34200.0,0.2849122807017544,9.985003408316292
202209,대만,4555.0,46.0,90.95,11451,84727,134390,87.9029577932868,12.097042206713194,2022-09-01,9,3,fall,1,4401.0,1756.0,1008.0,0.0349920472619859,2388.333333333333,1477.6666666666667,1.9071877180739705,1782.6935612531204,125306.0,0.0363510127208593,12002.0,140259.0,134390.0,-0.0459090151641393,-0.395924682195082,0.0,18.600878155872667,2.5139407244785947,10859.333333333334,1.0544846215237276,0.1414921855891629,Low,61911.0,43944.0,0.4088612779901693,13.591877058177827
202210,대만,11358.0,44.44,91.16,11585,120037,134390,82.44137101623572,17.558628983764283,2022-10-01,10,4,fall,1,4555.0,4401.0,1756.0,1.493523600439078,3570.6666666666665,2168.5,3.18091859596714,1573.4326592941095,186233.0,0.0609881170361858,11451.0,84727.0,134390.0,0.0117020347567898,0.416750268509448,0.0,10.568497974995598,1.0199859130128544,11440.333333333334,1.0126453191923313,0.268342438173402,Low,88138.0,61911.0,0.42362423478864825,7.759992956506427
202211,대만,17914.0,43.02,86.26,11754,137239,134390,86.01739130434783,13.982608695652171,2022-11-01,11,4,fall,0,11358.0,4555.0,4401.0,0.5772142982919528,6771.333333333333,3977.3333333333335,2.645564635226937,3972.916099458096,184092.0,0.0973100406318579,11585.0,120037.0,134390.0,0.0145878290893396,0.1433058140406708,0.0,7.660991403371664,0.656134866584794,11679.333333333334,1.006393058964553,0.390786658252413,Medium,108000.0,88138.0,0.22535115387233656,6.028804287149716
202212,대만,29066.0,41.29,77.22,11473,202996,134390,84.35114503816794,15.648854961832065,2022-12-01,12,4,winter,0,17914.0,11358.0,4555.0,0.6225298649101262,11275.666666666666,6832.0,2.5777633251544625,6679.8805628044975,231106.0,0.1257691275864754,11754.0,137239.0,134390.0,-0.0239067551471839,0.4791422263350797,0.0,6.983967522190876,0.3947223560173398,11596.666666666666,0.9893360160965796,0.3296036628114726,Low,137372.0,108000.0,0.27196296296296296,4.726209316727448
202301,대만,49477.0,40.83,80.42,11308,131105,134390,86.18400252924438,13.815997470755612,2023-01-01,1,1,winter,0,29066.0,17914.0,11358.0,0.7022294089313975,19446.0,11508.333333333334,2.5443278823408413,8952.853399894359,217220.0,0.2277736856643034,11473.0,202996.0,134390.0,-0.0143815915627996,-0.3541498354647382,0.0,2.649817086727166,0.2285506396911696,11604.0,0.9744915546363324,0.5685062713035466,High,187811.0,137372.0,0.36717089363189004,3.7959253794692485
202302,대만,47970.0,43.57,82.11,10871,92066,134390,91.2796880538816,8.720311946118397,2023-02-01,2,1,winter,0,49477.0,29066.0,17914.0,-0.0304585969238231,32152.33333333333,19461.83333333333,1.491960148045243,16006.2435422348,250688.0,0.1913533954557059,11308.0,131105.0,134390.0,-0.0386452069331446,-0.2977689638076351,0.0,1.919241192411924,0.2266208046695851,11511.666666666666,0.9443463153322716,0.3312198498867192,Low,204525.0,187811.0,0.08899372241242526,4.2636022514071295
202303,대만,63504.0,42.78,78.51,12138,178759,134390,88.75122269318553,11.248777306814477,2023-03-01,3,1,spring,1,47970.0,49477.0,29066.0,0.323827392120075,42171.0,26723.33333333333,1.505868962082948,11374.24859056632,442797.0,0.1434156057967872,10871.0,92066.0,134390.0,0.116548615582743,0.9416396932635284,0.0,2.814925044091711,0.1911375661375661,11217.333333333334,1.0820753595625816,0.18641451561199,Low,261827.0,204525.0,0.28017112822393353,4.123000125976317
202304,대만,77187.0,43.85,83.44,12250,163989,134390,79.2887029288703,20.711297071129707,2023-04-01,4,2,spring,1,63504.0,47970.0,49477.0,0.2154667422524565,53650.333333333336,36548.16666666666,1.438704947468484,8566.727632727285,458419.0,0.1683765288960536,12138.0,178759.0,134390.0,0.0092272202998846,-0.0826252104789129,0.0,2.124567608535116,0.1587054814929975,11439.0,1.0708978057522511,0.4010758491062542,Low,382310.0,261827.0,0.46016262646709466,4.953036133027583
202305,대만,66654.0,43.24,74.96,12967,113391,182602,86.4406779661017,13.559322033898304,2023-05-01,5,2,spring,1,77187.0,63504.0,47970.0,-0.1364608029849586,62887.0,47519.66666666666,1.0599010924356385,14618.269015174124,509048.0,0.1309385362480551,12250.0,163989.0,134390.0,0.0585306122448979,-0.3085450853410899,0.3587469305751916,1.701188225762895,0.1945419629729648,11753.0,1.103292776312431,0.2200833994943548,Low,316059.0,382310.0,-0.17329130810075594,4.741785939328472
202306,대만,97365.0,42.59,74.99,19618,95600,182602,87.67692017361767,12.323079826382337,2023-06-01,6,2,summer,0,66654.0,77187.0,63504.0,0.4607525429831668,69115.0,55643.0,1.4087390580915864,7165.787674777971,615164.0,0.1582748665396544,12967.0,113391.0,182602.0,0.5129174057222179,-0.1568995775678845,0.0,0.9818723360550504,0.201489241513891,12451.666666666666,1.575532057288181,0.4801201235547792,High,473293.0,316059.0,0.49748306487079946,4.861017819545011
202307,대만,103566.0,41.05,80.45,12765,114436,182602,87.77344920587355,12.22655079412646,2023-07-01,7,3,summer,0,97365.0,66654.0,77187.0,0.0636881836388846,80402.0,67026.16666666667,1.2881022860127858,15605.881871909702,684189.0,0.1513704546550733,19618.0,95600.0,182602.0,-0.34932205117749,0.1970292887029288,0.0,1.104957225344225,0.1232547361103064,14945.0,0.8541318166610906,0.3361165094098557,Medium,435727.0,473293.0,-0.07937155208295918,4.207239827742695
202308,대만,98854.0,41.56,86.46,15735,36846,182602,88.94409937888199,11.055900621118012,2023-08-01,8,3,summer,0,103566.0,97365.0,66654.0,-0.0454975571133383,89195.0,76041.0,1.1082908234766522,19765.768667066804,748247.0,0.1321141280887193,12765.0,114436.0,182602.0,0.2326674500587544,-0.6780209025131951,0.0,0.3727315030246626,0.1591741355939061,15116.666666666666,1.04090407938258,0.2825008325152199,Medium,428655.0,435727.0,-0.016230346065311537,4.336243348776984
202309,대만,92411.0,42.04,93.25,21363,88270,182602,90.23943876772914,9.760561232270856,2023-09-01,9,3,fall,1,98854.0,103566.0,97365.0,-0.0651769275901835,99928.33333333331,84521.66666666667,0.9247727538068948,3237.088867073812,733802.0,0.1259345163954309,15735.0,36846.0,182602.0,0.35767397521449,1.3956467459154318,0.0,0.9551893172890672,0.2311737780134399,16039.333333333334,1.3319132133505134,0.3290795781646401,Low,447763.0,428655.0,0.0445766408883601,4.845343086861954
202310,대만,96845.0,41.94,89.75,25074,125470,182602,88.82004681261186,11.179953187388133,2023-10-01,10,4,fall,1,92411.0,98854.0,103566.0,0.0479813009273787,98277.0,89339.5,0.985428940647354,5599.839551272866,758558.0,0.127669868355485,21363.0,88270.0,182602.0,0.1737115573655385,0.4214342358672255,0.0,1.2955754039960763,0.2589085652331044,16621.0,1.5085734913663438,0.2447802290443058,Low,467441.0,447763.0,0.04394735607899715,4.82669213691982
202311,대만,86141.0,41.24,83.55,15452,70990,182602,82.57149841114642,17.42850158885358,2023-11-01,11,4,fall,0,96845.0,92411.0,98854.0,-0.1105271309824978,96036.66666666669,92615.83333333331,0.8969594946374648,3296.682322173797,717482.0,0.1200601548192149,25074.0,125470.0,182602.0,-0.3837441174124591,-0.434207380250259,0.0,0.8241139527054481,0.1793803183153202,20724.0,0.7456089558000386,0.2286895013776397,Medium,403356.0,467441.0,-0.1370975160501539,4.682508909810659
202312,대만,80633.0,41.98,77.33,14153,83128,182602,89.41997851772288,10.580021482277122,2023-12-01,12,4,winter,0,86141.0,96845.0,92411.0,-0.0639416770179125,91799.0,95863.66666666669,0.8783646880684974,5378.17924580428,651245.0,0.1238136185306605,15452.0,70990.0,182602.0,-0.0840667874708775,0.1709818284265389,0.0,1.030942666154056,0.1755236689692805,20629.666666666668,0.6860508329428493,0.3041654645259765,Medium,399946.0,403356.0,-0.008454070349765468,4.960078379819676
202401,대만,93589.0,42.67,78.85,10186,137634,182602,89.20435787388577,10.79564212611423,2024-01-01,1,1,winter,0,80633.0,86141.0,96845.0,0.1606786303374549,87873.0,93075.0,1.0650484221547003,8243.60988887756,604285.0,0.1548755967796652,14153.0,83128.0,182602.0,-0.2802939306154172,0.6556876142815898,0.0,1.4706215474040754,0.1088375770656808,18226.33333333333,0.5588617202216574,0.4691431790181671,Medium,401991.0,399946.0,0.005113190280687893,4.295280428255458
202402,대만,96704.0,42.43,80.88,9593,232129,182602,86.70886075949366,13.291139240506327,2024-02-01,2,1,winter,0,93589.0,80633.0,86141.0,0.033283826090673,86787.66666666667,91412.16666666669,1.1142597066403443,6502.162512067289,722487.0,0.1338487751336702,10186.0,137634.0,182602.0,-0.0582171608089534,0.6865672726215906,0.0,2.400407428855063,0.099199619457313,13263.666666666666,0.7232540021612928,0.2072434286489723,Low,434764.0,401991.0,0.08152670084653636,4.495822303110523
202403,대만,115578.0,42.53,84.18,12918,192662,182602,82.69999999999999,17.299999999999997,2024-03-01,3,1,spring,1,96704.0,93589.0,80633.0,0.1951728987425546,90308.66666666669,91053.83333333331,1.2798107232233156,8522.89272097996,1014857.0,0.1138859957609791,9593.0,232129.0,182602.0,0.3466069008652142,-0.1700218413037578,0.0,1.6669435359670526,0.1117686756995275,11310.666666666666,1.142107744901568,0.1522326543813107,Low,569461.0,434764.0,0.309816360140214,4.9270708958452305
202404,대만,117606.0,42.66,89.17,12778,54792,182602,84.73952434881087,15.260475651189129,2024-04-01,4,2,spring,1,115578.0,96704.0,93589.0,0.0175465919119555,101957.0,94915.0,1.1534862736251557,11898.50986468473,923571.0,0.1273383421523629,12918.0,192662.0,182602.0,-0.0108375909583526,-0.7156055683009623,0.0,0.4658945972144278,0.1086509191707906,10899.0,1.1724011377190569,0.3758825075113516,Low,653653.0,569461.0,0.14784506752876844,5.557990238593269
202405,대만,116956.0,42.63,84.04,12394,294598,201169,86.01297764960346,13.987022350396538,2024-05-01,5,2,spring,1,117606.0,115578.0,96704.0,-0.0055269288981854,109962.66666666669,98375.16666666669,1.0635973421282374,11527.028122345027,959085.0,0.1219453958721072,12778.0,54792.0,182602.0,-0.0300516512756299,4.376660826398014,0.1016801568438461,2.518878894627039,0.105971476452683,11763.0,1.0536427782028397,0.2293687071306312,Medium,657646.0,653653.0,0.006108745771839187,5.623020623140326
202406,대만,144255.0,42.9,82.56,11752,46428,201169,82.66754704522945,17.332452954770552,2024-06-01,6,2,summer,0,116956.0,117606.0,115578.0,0.2334125654092137,116713.33333333331,103511.0,1.2359770377563262,1035.54880779859,1006181.0,0.1433688372171607,12394.0,294598.0,201169.0,-0.0517992577053412,-0.8424021887453411,0.0,0.3218467297494021,0.0814668469030536,12696.666666666666,0.9255972696245734,0.4153536971635362,Low,802947.0,657646.0,0.220941053393467,5.566164084433815
202407,대만,142721.0,42.44,83.83,15280,64058,201169,87.36794785345022,12.632052146549784,2024-07-01,7,3,summer,0,144255.0,116956.0,117606.0,-0.0106339468302658,126272.33333333331,114114.66666666669,1.1302634253478594,15576.836981021956,1023922.0,0.1393865939007073,11752.0,46428.0,201169.0,0.3002042205582028,0.3797277504953907,0.0,0.4488337385528408,0.1070620301146993,12308.0,1.2414689632759182,0.314501878568373,Medium,733182.0,802947.0,-0.08688618302328796,5.137169722745777
202408,대만,148735.0,41.89,77.6,16939,80841,201169,86.7847117253293,13.215288274670698,2024-08-01,8,3,summer,0,142721.0,144255.0,116956.0,0.042138157664254,134644.0,122303.33333333331,1.1046537536020915,15337.447538622582,1141680.0,0.1302773106299488,15280.0,64058.0,201169.0,0.1085732984293193,0.2619969402728777,0.0,0.543523716677312,0.1138871146670252,13142.0,1.2889210165880385,0.2451644464487228,Medium,729197.0,733182.0,-0.005435212539314931,4.90265909167311
202409,대만,126130.0,41.78,73.52,16900,41169,201169,86.92129629629629,13.078703703703704,2024-09-01,9,3,fall,1,148735.0,142721.0,144255.0,-0.1519817124415907,145237.0,130975.16666666669,0.8684426144852896,3124.946719545772,1009319.0,0.1249654469994124,16939.0,80841.0,201169.0,-0.0023023791250959,-0.4907410843507626,0.0,0.3264013319590898,0.1339887417743598,14657.0,1.1530326806304154,0.2645017188064846,Low,799384.0,729197.0,0.09625245304081065,6.337778482518037
202410,대만,133433.0,43.38,74.94,20709,98598,201169,88.71956009426552,11.280439905734486,2024-10-01,10,4,fall,1,126130.0,148735.0,142721.0,0.0579005787679378,139195.33333333334,132733.83333333334,0.9586025393571624,11707.657764614292,1042520.0,0.1279908299121359,16900.0,41169.0,201169.0,0.2253846153846153,1.3949573708372804,0.0,0.7389326478457353,0.1552014868885508,16373.0,1.264826238319184,0.2574781250465923,Low,791164.0,799384.0,-0.010282917846741992,5.929297849857232
202411,대만,119505.0,43.14,72.61,15912,95320,201169,89.6149843912591,10.385015608740895,2024-11-01,11,4,fall,0,133433.0,126130.0,148735.0,-0.1043819744740806,136099.33333333334,135371.66666666666,0.8780718984663162,11535.965773758751,914291.0,0.130707838095311,20709.0,98598.0,201169.0,-0.231638418079096,-0.0332461104687721,0.0,0.7976235303962177,0.1331492406175473,18182.666666666668,0.875119161105815,0.3144814420951258,Medium,697741.0,791164.0,-0.11808297647516823,5.838592527509309
202412,대만,118696.0,45.13,73.23,19811,89154,201169,81.96690485144791,18.03309514855209,2024-12-01,12,4,winter,0,119505.0,133433.0,126130.0,-0.0067695912304924,126356.0,135796.5,0.9393776314539872,6966.749816090738,830588.0,0.1429059894917817,15912.0,95320.0,201169.0,0.2450351935646053,-0.064687368862778,0.0,0.7511120846532318,0.1669053717058704,17840.333333333332,1.1104613142504811,0.3196849298085231,Medium,750134.0,697741.0,0.07508946729517113,6.3197917368740315
202501,대만,135434.0,43.62,80.41,15850,42271,201169,79.91886409736308,20.08113590263692,2025-01-01,1,1,winter,0,118696.0,119505.0,133433.0,0.141015703983285,123878.0,131536.66666666666,1.0932853291141285,8284.753406106935,793151.0,0.1707543708575038,19811.0,89154.0,201169.0,-0.1999394275907324,-0.525865356574018,0.0,0.312115126186925,0.1170311738559003,18810.666666666668,0.8426070314715055,0.4341351018521159,Medium,702219.0,750134.0,-0.06387525428790056,5.184953556713971
202502,대만,120015.0,43.88,77.92,16063,112162,201169,86.95652173913044,13.043478260869565,2025-02-01,2,1,winter,0,135434.0,118696.0,119505.0,-0.1138488119674527,124545.0,130322.16666666669,0.9636276044803084,9438.822013365883,788072.0,0.1522893847262686,15850.0,42271.0,201169.0,0.0134384858044164,1.6534030422748456,0.0,0.9345665125192684,0.1338416031329417,17191.0,0.9343842708393928,0.2803477513709639,Low,643242.0,702219.0,-0.08398661955885557,5.359680039995
202503,대만,140017.0,44.48,72.49,18892,128369,201169,82.25035525125953,17.749644748740472,2025-03-01,3,1,spring,1,120015.0,135434.0,118696.0,0.1666625005207682,124715.0,125535.5,1.1226957463015677,9306.3237102521,1116325.0,0.1254267350457976,16063.0,112162.0,201169.0,0.1761190313142003,0.1444963534887038,0.0,0.9168101016305163,0.1349264732139668,17241.333333333332,1.0957389219704587,0.2036793884730782,Low,852381.0,643242.0,0.3251326872312442,6.087696493997157
202504,대만,151613.0,44.48,67.74,20667,173530,201169,76.5550780366433,23.44492196335671,2025-04-01,4,2,spring,1,140017.0,120015.0,135434.0,0.0828185148946199,131822.0,127850.0,1.1501342719728118,10478.78375576097,1070718.0,0.1415993753724136,18892.0,128369.0,201169.0,0.0939551132754605,0.3518061214156066,0.0,1.1445588438986103,0.1363141683101053,16935.0,1.2203720106288751,0.3338963610737724,Low,925406.0,852381.0,0.08567178292336408,6.103737806124805
202505,대만,150272.0,46.3,63.73,10209,18641,112658,78.09842041312272,21.90157958687728,2025-05-01,5,2,spring,1,151613.0,140017.0,120015.0,-0.0088448879713481,137215.0,130880.0,1.0951572349961738,15984.267390155845,1109975.0,0.1353832293520124,20667.0,173530.0,201169.0,-0.5060240963855421,-0.8925776522791448,-0.4399832976253796,0.1240483922487223,0.0679368079216354,18540.666666666668,0.5506274495703138,0.2833226550225504,Medium,1005872.0,925406.0,0.08695210534619399,6.693675468483816
202506,대만,164885.0,46.59,69.26,13732,46812,112658,78.64344637946837,21.356553620531624,2025-06-01,6,2,summer,0,150272.0,151613.0,140017.0,0.0972436648211243,147300.66666666666,136007.83333333334,1.1193771469692375,6343.376098997425,1151428.0,0.1432004432756542,10209.0,18641.0,112658.0,0.3450876677441473,1.5112386674534628,0.0,0.2839069654607757,0.0832822876550322,16589.333333333332,0.8277608101591385,0.2518419824193175,Low,1104193.0,1005872.0,0.09774702944311006,6.696746217060375
202507,대만,199280.0,47.17,70.87,10008,115566,112658,74.88410144532315,25.115898554676846,2025-07-01,7,3,summer,0,164885.0,150272.0,151613.0,0.2085999332868363,155590.0,143706.0,1.280802108104634,8077.582497257302,1297265.0,0.1536154910523293,13732.0,46812.0,112658.0,-0.2711913778036702,1.4687259677005895,0.0,0.5799177037334404,0.0502207948615014,14869.333333333334,0.6730631276901003,0.3764781879618371,Medium,1210108.0,1104193.0,0.0959207312489755,6.072400642312324
202508,대만,191565.0,46.1,69.39,10296,123998,112658,76.92114515318936,23.07885484681065,2025-08-01,8,3,summer,0,199280.0,164885.0,150272.0,-0.0387143717382577,171479.0,154347.0,1.117133876451344,25160.61690420161,1351649.0,0.1417268832366983,10008.0,115566.0,112658.0,0.0287769784172661,0.0729626360694321,0.0,0.6472894317855559,0.0537467700258397,11316.333333333334,0.9098353412471648,0.2346686964181771,Low,1249883.0,1210108.0,0.03286896706740225,6.524589564899642
202509,대만,154992.0,46.13,70.01,9782,45751,112658,78.65302237029985,21.34697762970014,2025-09-01,9,3,fall,1,191565.0,199280.0,164885.0,-0.1909169211494792,185243.3333333333,166272.0,0.8366940780594893,18047.89761532705,1191448.0,0.130087087308888,10296.0,123998.0,112658.0,-0.0499222999222999,-0.6310343715221213,0.0,0.2951829771859193,0.0631129348611541,11345.333333333334,0.8622047244094487,0.2713582565372994,Low,1239289.0,1249883.0,-0.008475993352977839,7.995825590998245
202510,대만,161049.0,46.42,65.0,9342,109960,112658,76.87952898550725,23.12047101449276,2025-10-01,10,4,fall,1,154992.0,191565.0,199280.0,0.0390794363580055,181945.66666666663,168767.83333333334,0.8851488631221409,23659.1507948474,1143924.0,0.1407864508481332,9782.0,45751.0,112658.0,-0.0449805765692087,1.4034447334484492,0.0,0.6827735658091637,0.0580071903582139,10028.666666666666,0.9315296151033704,0.297464239253512,Low,1085395.0,1239289.0,-0.12417926730568898,6.739532688808996
202511,대만,158374.0,47.09,64.47,8045,119566,112658,78.13653136531366,21.86346863468635,2025-11-01,11,4,fall,0,161049.0,154992.0,191565.0,-0.0166098516600537,169202.0,170340.5,0.9360054845687404,19602.28657580529,1081405.0,0.1464520692987363,9342.0,109960.0,112658.0,-0.1388353671590665,0.0873590396507821,0.0,0.7549597787515627,0.0507974793842423,9806.666666666666,0.8203602991162475,0.3542585272188723,Low,1091903.0,1085395.0,0.005995973815984042,6.8944586864005455
202512,대만,163918.0,45.9,62.05,6653,81636,112658,76.62082514734774,23.37917485265226,2025-12-01,12,4,winter,0,158374.0,161049.0,154992.0,0.0350057458926338,158138.33333333334,171690.83333333334,1.0365481698512904,3035.369225206537,1036549.0,0.1581382066839098,8045.0,119566.0,112658.0,-0.1730267246737103,-0.3172306508539216,0.0,0.4980295025561561,0.0405873668541587,9056.333333333334,0.7346240200228201,0.2399824904666638,Low,1170699.0,1091903.0,0.07216391932250392,7.14197952634854
202601,대만,166779.0,45.49,61.97,7328,63899,112658,71.0625,28.9375,2026-01-01,1,1,winter,0,163918.0,158374.0,161049.0,0.0174538488756573,161113.66666666666,171529.66666666666,1.035163580163901,2772.5656589755577,924755.0,0.1803493898383896,6653.0,81636.0,112658.0,0.1014579888771982,-0.2172693419569797,0.0,0.3831357664933834,0.043938385528154,8013.333333333333,0.9144758735440932,0.3509721711346281,Medium,1075959.0,1170699.0,-0.0809260108704287,6.4514057525228
202602,대만,183753.0,45.57,68.4,6676,104660,112658,71.35531135531136,28.64468864468864,2026-02-01,2,1,winter,0,166779.0,163918.0,158374.0,0.1017754033781231,163023.66666666666,166112.83333333334,1.1271553619004195,4273.275129608473,1048888.0,0.175188389990161,7328.0,63899.0,112658.0,-0.0889737991266375,0.6378973066871156,0.0,0.5695689322079095,0.036331379623734,7342.0,0.9092890220648324,0.2197092822865712,Low,1169764.0,1075959.0,0.0871826900467397,6.365958651015221
202603,대만,192138.0,47.48,128.52,12564,97133,112658,70.45855379188713,29.54144620811288,2026-03-01,3,1,spring,1,183753.0,166779.0,163918.0,0.0456319080504808,171483.33333333334,164810.83333333334,1.12044707940519,10721.700906727872,1386767.0,0.1385510327257571,6676.0,104660.0,112658.0,0.8819652486518874,-0.0719185935409898,0.0,0.5055376864545275,0.0653905005777097,6885.666666666667,1.8246599215762207,0.1805622070716352,Low,1408443.0,1169764.0,0.20404030214641586,7.330371920182369
202604,대만,192854.0,46.64,105.7,8023,168192,112658,72.62308998302207,27.37691001697793,2026-04-01,4,2,spring,1,192138.0,183753.0,166779.0,0.0037264882532346,180890.0,171001.83333333334,1.0661396428768866,12919.647711915171,1315449.0,0.1466069760211152,12564.0,97133.0,112658.0,-0.3614294810569882,0.7315639381054843,0.0,0.8721208790069171,0.041601418689786,8856.0,0.9059394760614272,0.3198558563023568,Low,1539348.0,1408443.0,0.09294305839852944,7.9819345204144065
201811,미국,77876.0,1121.8,65.56,16142,54172,69119,90.3617115130128,9.638288486987207,2018-11-01,11,4,fall,0,,,,,,,,,924065.0,0.0842754568131029,,,,,,,0.6956186758436489,0.2072782371975961,,,0.1919579446505243,Low,941129.0,,,12.084968411320562
201812,미국,71023.0,1118.1,57.32,8182,19849,69119,70.73403241182078,29.26596758817922,2018-12-01,12,4,winter,0,77876.0,,,-0.087998869998459,,,,,892677.0,0.079561812391268,16142.0,54172.0,69119.0,-0.4931235286829389,-0.6335930000738389,0.0,0.2794728468242682,0.1152021176238683,,,0.1134349355992034,Low,947467.0,941129.0,0.006734464669561771,13.340284133308929
201901,미국,62737.0,1117.2,59.09,9945,82799,69119,78.21192052980133,21.78807947019868,2019-01-01,1,1,winter,0,71023.0,77876.0,,-0.1166664320009011,,,,,785927.0,0.0798254799746032,8182.0,19849.0,69119.0,0.2154729894891224,3.171444405259711,0.0,1.3197793965283644,0.1585188963450595,,,0.3249500230012879,Low,796067.0,947467.0,-0.15979448360734463,12.688955480816743
201902,미국,57732.0,1117.8,64.59,8233,80164,69119,63.43852013057671,36.56147986942329,2019-02-01,2,1,winter,0,62737.0,71023.0,77876.0,-0.0797774837815005,70545.33333333333,,0.8183673855109718,7580.795099020504,870182.0,0.0663447416747301,9945.0,82799.0,69119.0,-0.1721468074409251,-0.031824055846085,0.0,1.3885540081757084,0.1426072195662717,11423.0,0.7207388601943447,0.0423170609401094,Low,734015.0,796067.0,-0.07794821290167787,12.714179311300493
201903,미국,84275.0,1137.8,66.94,10965,182194,69119,50.98412698412699,49.01587301587302,2019-03-01,3,1,spring,1,57732.0,62737.0,71023.0,0.4597623501697498,63830.66666666666,,1.3202901426691456,6712.655982048631,1091595.0,0.0772035416065482,8233.0,80164.0,69119.0,0.331835296975586,1.2727658300484008,0.0,2.1618985464253933,0.130109759715218,8786.666666666666,1.2479135053110777,0.2646168418790429,Low,1038814.0,734015.0,0.41524900717287794,12.326478789676655
201904,미국,102524.0,1158.2,70.94,15652,142407,69119,62.12938005390836,37.87061994609165,2019-04-01,4,2,spring,1,84275.0,57732.0,62737.0,0.216541085731237,68248.0,,1.5022271714922049,14103.582984475965,1075042.0,0.09536743680712,10965.0,182194.0,69119.0,0.4274509803921568,-0.2183771145043195,0.0,1.3890113534391948,0.1526666926768366,9714.333333333334,1.6112273959441374,0.232964535859115,Low,1077031.0,1038814.0,0.03678906907300056,10.505159767469081
201905,미국,95815.0,1190.0,69.38,13418,95799,493224,75.32541029994341,24.6745897000566,2019-05-01,5,2,spring,1,102524.0,84275.0,57732.0,-0.0654383363895283,81510.33333333333,76027.83333333333,1.1754951314966202,22523.6176564364,1041306.0,0.092014259017042,15652.0,142407.0,69119.0,-0.1427293636595962,-0.327287282226295,6.135867127707288,0.999833011532641,0.1400407034389187,11616.666666666666,1.15506456241033,0.3086553474576601,Low,1185932.0,1077031.0,0.10111222425352659,12.377310441997599
201906,미국,105398.0,1156.8,61.78,12204,102241,493224,59.67460778617083,40.32539221382917,2019-06-01,6,2,summer,0,95815.0,102524.0,84275.0,0.1000156551688149,94204.66666666669,79017.66666666667,1.1188193083145208,9230.459378239711,1043046.0,0.1010482759149644,13418.0,95799.0,493224.0,-0.0904754806975704,0.0672449608033486,0.0,0.9700468699595818,0.1157896734283383,13345.0,0.9144998126639192,0.27070976116336,Low,1276235.0,1185932.0,0.0761451752714321,12.108721228106795
201907,미국,97428.0,1182.0,63.28,14946,69623,493224,40.693858415377406,59.306141584622594,2019-07-01,7,3,summer,0,105398.0,95815.0,102524.0,-0.0756181331714074,101245.66666666669,84746.83333333333,0.9622930364097888,4917.730608048127,1064013.0,0.0915665504086886,12204.0,102241.0,493224.0,0.2246804326450344,-0.3190305259142614,0.0,0.714609763107115,0.1534055918216529,13758.0,1.086349760139555,0.0573318363824912,Low,1321570.0,1276235.0,0.03552245472032972,13.564581023935624
201908,미국,86586.0,1215.2,59.13,8579,806370,493224,67.61158021712907,32.38841978287093,2019-08-01,8,3,summer,0,97428.0,105398.0,95815.0,-0.1112821776080798,99547.0,90528.66666666669,0.8698001948828191,5130.895925664451,1169581.0,0.074031640390875,14946.0,69623.0,493224.0,-0.4260002676301351,10.581948494032144,0.0,9.31293742637378,0.0990806827893654,13522.666666666666,0.6344162887004536,0.2747613880914598,Low,1220818.0,1321570.0,-0.07623659738038847,14.099484905180976
201909,미국,90819.0,1201.3,61.13,8511,104730,493224,75.10227936879018,24.89772063120982,2019-09-01,9,3,fall,1,86586.0,97428.0,105398.0,0.0488878109625112,96470.66666666669,95337.66666666669,0.9414156980360178,9442.467968350937,1031957.0,0.088006573917324,8579.0,806370.0,493224.0,-0.007926331740296,-0.8701216563116188,0.0,1.153172794239091,0.0937138704456116,11909.666666666666,0.7146295726160822,0.3761886858016092,Low,1172093.0,1220818.0,-0.03991176407949424,12.905812660346403
201910,미국,101099.0,1168.4,59.39,37403,192598,493224,72.82954267547078,27.170457324529224,2019-10-01,10,4,fall,1,90819.0,86586.0,97428.0,0.1131921734438828,91611.0,96428.33333333331,1.1035683487790768,5464.218974382353,1110823.0,0.0910126995930044,8511.0,104730.0,493224.0,3.394665726706615,0.8389955122696457,0.0,1.905043571153028,0.3699640946003422,10678.666666666666,3.502590835310276,0.1769363218332581,Low,1287545.0,1172093.0,0.09850071624009357,12.735486997893155
201911,미국,82238.0,1179.3,61.99,25657,201922,493224,57.69068689422672,42.309313105773285,2019-11-01,11,4,fall,0,101099.0,90819.0,86586.0,-0.1865597088002848,92834.66666666669,96190.83333333331,0.8858544221986039,7463.509652524973,1006970.0,0.0816687686822844,37403.0,192598.0,493224.0,-0.3140389808304146,0.0484117176710038,0.0,2.45533694885576,0.3119847272550402,18164.33333333333,1.4124933477694384,0.1014895824121475,Low,1207698.0,1287545.0,-0.06201491986687844,14.685400909555193
201912,미국,77387.0,1157.8,64.91,19959,234730,493224,69.4017094017094,30.5982905982906,2019-12-01,12,4,winter,0,82238.0,101099.0,90819.0,-0.0589873294584012,91385.33333333331,93928.0,0.8468207881644028,9443.245222556354,1003750.0,0.0770978829389788,25657.0,201922.0,493224.0,-0.2220836418911018,0.1624785808381454,0.0,3.033196790158554,0.2579115355292232,23857.0,0.836609800058683,0.1110383431794031,Low,1163856.0,1207698.0,-0.036302121888087915,15.039425226459224
202001,미국,67255.0,1183.5,64.32,45398,220103,493224,29.420423183072675,70.57957681692733,2020-01-01,1,1,winter,0,77387.0,82238.0,101099.0,-0.1309263829842221,86908.0,89259.5,0.773864316288489,12526.827651085492,930221.0,0.0723000233277898,19959.0,234730.0,493224.0,1.2745628538503933,-0.0623141481702381,0.0,3.2726637424726785,0.6750130101851164,27673.0,1.6405160264517762,0.1290344281910712,Low,980692.0,1163856.0,-0.1573768576181246,14.581696528139172
202002,미국,42439.0,1215.9,54.23,79294,516078,493224,18.4586035864174,81.5413964135826,2020-02-01,2,1,winter,0,67255.0,77387.0,82238.0,-0.3689837186826258,75626.66666666667,84230.66666666667,0.5611644922425951,7645.041028884896,431732.0,0.098299407966053,45398.0,220103.0,493224.0,0.7466408211815498,1.344711339690963,0.0,12.160465609462994,1.868422912886732,30338.0,2.613685806579208,0.4240773757396851,Medium,835544.0,980692.0,-0.14800569393856583,19.688117062136243
202003,미국,10570.0,1222.6,33.71,173626,772706,493224,6.463502678876772,93.53649732112322,2020-03-01,3,1,spring,1,42439.0,67255.0,77387.0,-0.7509366384693325,62360.333333333336,76872.83333333333,0.1694987732586419,17980.79523639968,36359.0,0.290712065788388,79294.0,516078.0,493224.0,1.1896486493303402,0.4972659171675599,0.0,73.10368968779565,16.426300851466415,48217.0,3.6009291328784454,0.7526360874537039,High,416306.0,835544.0,-0.5017545455415873,39.38561967833491
202004,미국,6417.0,1225.2,20.39,54229,377483,493224,18.266614846482703,81.73338515351729,2020-04-01,4,2,spring,1,10570.0,42439.0,67255.0,-0.3929044465468306,40088.0,63498.0,0.1600728397525444,28415.53636657243,10902.0,0.5886075949367089,173626.0,772706.0,493224.0,-0.6876677456141361,-0.511479139543371,0.0,58.82546361227988,8.450833722923484,99439.33333333331,0.5453475821103655,0.7649364971955711,High,380281.0,416306.0,-0.08653490461343338,59.26149290945925
202005,미국,8735.0,1239.4,30.47,45838,97673,504747,23.46133613887428,76.53866386112573,2020-05-01,5,2,spring,1,6417.0,10570.0,42439.0,0.3612279881564594,19808.666666666668,47717.66666666666,0.4409685996028674,19708.141524084243,14485.0,0.6030376251294443,54229.0,377483.0,493224.0,-0.1547327075918788,-0.7412519239277,0.0233626100919663,11.181797366914711,5.247624499141385,102383.0,0.4477110457790844,0.6785347389191371,High,615063.0,380281.0,0.6173908241537179,70.4136233543217
202006,미국,9717.0,1200.7,40.8,53205,45858,504747,20.645905420991927,79.35409457900808,2020-06-01,6,2,summer,0,8735.0,6417.0,10570.0,0.1124212936462507,8574.0,35467.166666666664,1.1333100069979003,2081.1758695507447,15568.0,0.6241649537512847,45838.0,97673.0,504747.0,0.160718181421528,-0.5304946095645675,0.0,4.719357826489658,5.475455387465267,91231.0,0.5831899244774255,0.4506353793565312,High,737235.0,615063.0,0.19863331073402238,75.8706390861377
202007,미국,11922.0,1191.4,43.3,49361,187841,504747,39.5839437445063,60.4160562554937,2020-07-01,7,3,summer,0,9717.0,8735.0,6417.0,0.2269218894720592,8289.666666666666,24188.83333333333,1.4381760424625036,1694.4737629522724,22798.0,0.5229406088253356,53205.0,45858.0,504747.0,-0.0722488487924067,3.0961446203497758,0.0,15.75582955879886,4.140328803891965,51090.66666666666,0.9661451537136594,0.432831438845412,Medium,861917.0,737235.0,0.16912110792352505,72.29634289548733
202008,미국,13368.0,1185.1,44.0,43141,203837,504747,44.58265139116203,55.41734860883797,2020-08-01,8,3,summer,0,11922.0,9717.0,8735.0,0.1212883744338198,10124.666666666666,14966.666666666666,1.320339764272075,1632.1416400954995,31740.0,0.42117202268431,49361.0,187841.0,504747.0,-0.1260104130791515,0.0851571275706581,0.0,15.24812986235787,3.2271843207660083,49468.0,0.8720991347942104,0.3557537176477608,Low,734351.0,861917.0,-0.14800264990712564,54.93349790544584
202009,미국,12426.0,1173.5,41.51,41640,366433,504747,54.12698412698413,45.87301587301587,2020-09-01,9,3,fall,1,13368.0,11922.0,9717.0,-0.0704667863554757,11669.0,10121.5,1.0648727397377666,1838.601914499245,28971.0,0.4289116702909806,43141.0,203837.0,504747.0,-0.0347928884355949,0.797676574910345,0.0,29.48921615966522,3.351038145823274,48569.0,0.8573369844962836,0.6305724232349253,High,661465.0,734351.0,-0.0992522649250835,53.232335425720265
202010,미국,12366.0,1133.4,40.67,40188,203354,504747,55.68114217727543,44.31885782272457,2020-10-01,10,4,fall,1,12426.0,13368.0,11922.0,-0.0048285852245292,12572.0,10430.833333333334,0.9836143811644924,733.9727515380133,25128.0,0.4921203438395415,41640.0,366433.0,504747.0,-0.0348703170028818,-0.445044523828367,0.0,16.444606178230632,3.2498786996603592,44714.0,0.8987789059355011,0.675802795604914,High,915047.0,661465.0,0.3833641991639769,73.99700792495553
202011,미국,13100.0,1104.4,43.42,43164,113084,504747,69.32447397563676,30.67552602436323,2020-11-01,11,4,fall,0,12366.0,12426.0,13368.0,0.059356299530972,12720.0,11422.333333333334,1.029874213836478,561.9857649445235,23916.0,0.5477504599431343,40188.0,203354.0,504747.0,0.0740519558077038,-0.4439057013877278,0.0,8.63236641221374,3.2949618320610687,41656.333333333336,1.0361929758580126,0.6007571467558773,High,831138.0,915047.0,-0.09169911490885167,63.44564885496183
202012,미국,12102.0,1088.0,49.84,40915,143506,504747,37.98846893017296,62.01153106982703,2020-12-01,12,4,winter,0,13100.0,12366.0,12426.0,-0.0761832061068702,12630.666666666666,12149.833333333334,0.9581441993032832,407.5602204995167,21363.0,0.5664934700182559,43164.0,113084.0,504747.0,-0.0521036048558984,0.2690212585334795,0.0,11.858039993389522,3.3808461411336967,41664.0,0.9820228494623656,0.7187459587985809,High,679933.0,831138.0,-0.18192526391525835,56.18352338456454
202101,미국,12013.0,1114.6,54.82,30518,53513,504747,36.02430555555556,63.97569444444444,2021-01-01,1,1,winter,0,12102.0,13100.0,12366.0,-0.0073541563377954,12522.666666666666,12547.333333333334,0.959300468483816,517.116363436331,20972.0,0.5728113675376693,40915.0,143506.0,504747.0,-0.2541121837956739,-0.6271026995386952,0.0,4.454590859901773,2.540414550903188,41422.333333333336,0.7367523155785526,0.4714297433273857,High,553774.0,679933.0,-0.1855462229366717,46.09789394822276
202102,미국,11212.0,1108.4,60.89,32281,80052,504747,49.00332225913621,50.99667774086378,2021-02-01,2,1,winter,0,12013.0,12102.0,13100.0,-0.0666777657537667,12405.0,12562.5,0.9038291011688836,603.5304466224408,25486.0,0.4399278034999607,30518.0,53513.0,504747.0,0.057769185398781,0.4959355670584717,0.0,7.139850160542276,2.8791473421334284,38199.0,0.8450744783894867,0.4395583990711402,Medium,653867.0,553774.0,0.18074701954226816,58.318498037816624
202103,미국,12321.0,1133.5,64.44,39914,214902,504747,64.35246995994659,35.647530040053404,2021-03-01,3,1,spring,1,11212.0,12013.0,12102.0,0.0989118801284338,11775.666666666666,12203.166666666666,1.0463101876751493,490.1737787087562,32665.0,0.3771927139139752,32281.0,80052.0,504747.0,0.2364548805799076,1.6845300554639484,0.0,17.441928414901387,3.2395097800503208,34571.333333333336,1.1545403706346298,0.5420323099523059,High,848690.0,653867.0,0.29795508872599474,68.88158428698969
202104,미국,12944.0,1107.4,62.92,44582,157003,504747,56.17081182543407,43.82918817456593,2021-04-01,4,2,spring,1,12321.0,11212.0,12013.0,0.0505640775911046,11848.666666666666,12185.666666666666,1.0924435942159456,572.4721245035605,30962.0,0.4180608487823784,39914.0,214902.0,504747.0,0.1169514456080573,-0.2694204800327591,0.0,12.129403584672437,3.444221260815822,34237.666666666664,1.3021331282310906,0.6490030691498899,High,891211.0,848690.0,0.05010192178533976,68.851282447466
202105,미국,17278.0,1116.0,66.34,35891,125467,561053,63.02555647155812,36.97444352844188,2021-05-01,5,2,spring,1,12944.0,12321.0,11212.0,0.3348269468479604,12159.0,12282.0,1.421005016859939,877.2907157837047,33346.0,0.5181431056198644,44582.0,157003.0,504747.0,-0.1949441478623659,-0.2008624039031101,0.1115529166097074,7.261662229424702,2.077265887255469,38925.66666666666,0.9220394426984766,0.5534313702045898,High,1002636.0,891211.0,0.1250265088738806,58.02963305938187
202106,미국,18159.0,1130.0,71.6,48902,200076,561053,56.53305570015617,43.46694429984383,2021-06-01,6,2,summer,0,17278.0,12944.0,12321.0,0.0509896978816992,14181.0,12978.333333333334,1.2805161836259784,2700.109071871037,32330.0,0.5616764614908754,35891.0,125467.0,561053.0,0.362514279345797,0.5946503861573162,0.0,11.01800759953742,2.6929897020761056,40129.0,1.2186199506591244,0.7244753544464041,High,979954.0,1002636.0,-0.022622367439429664,53.96519632138334
202107,미국,21775.0,1147.4,72.93,63168,66700,561053,80.08522727272728,19.914772727272727,2021-07-01,7,3,summer,0,18159.0,17278.0,12944.0,0.1991299080345834,16127.0,13987.833333333334,1.3502201277360948,2791.533091331761,36523.0,0.5961996550119103,48902.0,200076.0,561053.0,0.2917263097623819,-0.6666266818608929,0.0,3.063145809414466,2.9009414466130883,43125.0,1.4647652173913044,0.769426796782848,High,1059322.0,979954.0,0.08099155674654117,48.64854190585534
202108,미국,20561.0,1164.4,69.5,51455,290283,561053,73.4004251073613,26.5995748926387,2021-08-01,8,3,summer,0,21775.0,18159.0,17278.0,-0.055752009184845,19070.666666666668,15614.833333333334,1.0781479409914003,2383.087143461937,40720.0,0.5049361493123772,63168.0,66700.0,561053.0,-0.1854261651469098,3.3520689655172413,0.0,14.118136277418412,2.5025533777540003,49320.333333333336,1.0432816755766725,0.5385472109629371,High,965706.0,1059322.0,-0.08837350682795223,46.96785175818297
202109,미국,19227.0,1184.9,72.63,60326,459257,561053,75.66875766097051,24.33124233902949,2021-09-01,9,3,fall,1,20561.0,21775.0,18159.0,-0.0648801128349788,20165.0,17173.0,0.953483758988346,1840.2380280823024,39934.0,0.4814694245505083,51455.0,290283.0,561053.0,0.1724030706442522,0.5821009153136767,0.0,23.88604566495033,3.1375669631247725,54508.333333333336,1.1067298578199052,0.7228043925488272,High,1000449.0,965706.0,0.035976787966523975,52.033546575128724
202110,미국,21607.0,1171.7,81.61,49127,566163,561053,79.48572124954299,20.514278750457,2021-10-01,10,4,fall,1,19227.0,20561.0,21775.0,0.1237842617152962,20521.0,18324.0,1.05292139759271,1274.4708705969863,37337.0,0.5787020917588451,60326.0,459257.0,561053.0,-0.1856413486722143,0.2327803386774725,0.0,26.202758365344565,2.2736613134632293,58316.333333333336,0.8424226488862468,0.8320214338603417,High,1134451.0,1000449.0,0.13394186010481293,52.50386448836025
202111,미국,20123.0,1193.4,80.3,48790,96808,561053,78.70320998187054,21.296790018129467,2021-11-01,11,4,fall,0,21607.0,19227.0,20561.0,-0.068681445827741,20465.0,19767.83333333333,0.9832885414121671,1192.9006664430362,34712.0,0.57971306752708,49127.0,566163.0,561053.0,-0.0068597716123516,-0.8290103733377137,0.0,4.81081349699349,2.424588779009094,53636.0,0.9096502349168468,0.4897802758703842,Medium,1134096.0,1134451.0,-0.00031292669317581806,56.35819708790936
202112,미국,16805.0,1185.5,73.21,46517,51487,561053,67.31185381101227,32.68814618898774,2021-12-01,12,4,winter,0,20123.0,21607.0,19227.0,-0.1648859513988967,20319.0,20242.0,0.8270584182292435,1202.044924285378,29906.0,0.5619273724336253,48790.0,96808.0,561053.0,-0.0465874154539864,-0.4681534583918684,0.0,3.0637905385302,2.768045224635525,52747.66666666666,0.8818778713750371,0.5800213587110497,High,990827.0,1134096.0,-0.12632881167026425,58.960249925617376
202201,미국,15570.0,1202.4,83.47,38935,255383,561053,79.71510262432349,20.284897375676504,2022-01-01,1,1,winter,0,16805.0,20123.0,21607.0,-0.0734900327283546,19511.666666666668,20016.33333333333,0.7979841120697019,2458.677964543868,26606.0,0.5852063444335864,46517.0,51487.0,561053.0,-0.162994174172883,3.960145279390914,0.0,16.402247912652538,2.500642260757868,48144.66666666666,0.8087084758436379,0.662671984632728,High,586813.0,990827.0,-0.4077543304734328,37.688696210661526
202202,미국,15845.0,1202.7,92.36,35207,49498,561053,73.63095918600663,26.36904081399337,2022-02-01,2,1,winter,0,15570.0,16805.0,20123.0,0.0176621708413615,17499.333333333332,18982.166666666668,0.905463065259629,2354.5756163974806,36660.0,0.432214948172395,38935.0,255383.0,561053.0,-0.0957493257994092,-0.8061813041588516,0.0,3.123887661722941,2.221962764278953,44747.333333333336,0.7867954887442081,0.4259158421277866,Low,700404.0,586813.0,0.1935727395269021,44.20347112653834
202203,미국,16968.0,1210.8,110.93,41667,342296,561053,68.68204567681067,31.317954323189323,2022-03-01,3,1,spring,1,15845.0,15570.0,16805.0,0.0708740927737456,16073.333333333334,18196.166666666668,1.0556615512235588,648.3890293130902,33651.0,0.504234643844165,35207.0,49498.0,561053.0,0.1834862385321101,5.915350115156168,0.0,20.17303158887317,2.4556223479490806,40219.66666666666,1.0359857117993685,0.761903635177972,High,1007152.0,700404.0,0.4379586638568598,59.35596416784536
202204,미국,30882.0,1269.4,102.82,41068,137856,561053,76.99948796722991,23.0005120327701,2022-04-01,4,2,spring,1,16968.0,15845.0,15570.0,0.82001414427157,16127.666666666666,17819.666666666668,1.914846123638468,740.625636427454,43988.0,0.702055105937983,41667.0,342296.0,561053.0,-0.01437588499292,-0.597260850258256,0.0,4.463959588109579,1.3298361505083869,38603.0,1.0638551407921664,0.7126674842673392,High,1357086.0,1007152.0,0.34744904443420654,43.94423936273557
202205,미국,42490.0,1245.8,108.16,64905,527237,798025,75.6423112832394,24.35768871676061,2022-05-01,5,2,spring,1,30882.0,16968.0,15845.0,0.3758823910368499,21231.666666666668,19365.5,2.001255985556166,8376.27496762932,58537.0,0.7258656917846832,41068.0,137856.0,561053.0,0.5804275835200156,2.824548804549675,0.422370079119085,12.40849611673335,1.5275358907978347,39314.0,1.6509385969374777,0.6306245647119558,High,1669500.0,1357086.0,0.2302094340373418,39.29159802306425
202206,미국,55444.0,1292.9,113.27,47046,1010135,798025,69.27434807964676,30.725651920353247,2022-06-01,6,2,summer,0,42490.0,30882.0,16968.0,0.3048717345257707,30113.33333333333,23093.33333333333,1.841177772858092,12778.351119504174,75710.0,0.7323206973979659,64905.0,527237.0,798025.0,-0.2751559972267159,0.9159030948131486,0.0,18.219013779669577,0.8485318519587332,49213.333333333336,0.9559604443240314,0.4454264594390485,High,1814495.0,1669500.0,0.08684935609463912,32.72662506312676
202207,미국,53942.0,1304.0,103.14,74850,710577,798025,69.63058882774001,30.36941117225999,2022-07-01,7,3,summer,0,55444.0,42490.0,30882.0,-0.0270903975182165,42938.66666666666,29533.166666666668,1.2562569867097255,12287.145206814052,86631.0,0.6226639424686313,47046.0,1010135.0,798025.0,0.5909960464226501,-0.29655244101036,0.0,13.17298209187646,1.3876014979051574,51006.333333333336,1.4674648246296211,0.4353728947964588,Medium,2045290.0,1814495.0,0.12719517000597963,37.91646583367321
202208,미국,50299.0,1347.5,96.63,81590,399769,798025,72.9416930652699,27.05830693473011,2022-08-01,8,3,summer,0,53942.0,55444.0,42490.0,-0.0675355010937673,50625.333333333336,35928.5,0.9935539519081356,7085.31843556333,113473.0,0.4432684427132445,74850.0,710577.0,798025.0,0.0900467601870407,-0.437402280118833,0.0,7.947851845961153,1.6220998429392235,62267.0,1.3103248911943726,0.5062701689185741,High,1710521.0,2045290.0,-0.1636780114311418,34.00705779438955
202209,미국,60435.0,1434.8,90.95,73312,389881,798025,77.55302194434228,22.44697805565772,2022-09-01,9,3,fall,1,50299.0,53942.0,55444.0,0.2015149406548838,53228.333333333336,41670.833333333336,1.1353915521182327,2645.703372136337,125306.0,0.4822993312371315,81590.0,399769.0,798025.0,-0.1014585120725579,-0.0247342840490383,0.0,6.451245139405973,1.2130718954248365,67828.66666666667,1.080840942374414,0.5519639544962431,High,1897146.0,1710521.0,0.10910418521608328,31.39151154132539
202210,미국,73560.0,1419.3,91.16,68908,296226,798025,72.22605965463109,27.77394034536892,2022-10-01,10,4,fall,1,60435.0,50299.0,53942.0,0.2171754777860511,54892.0,48915.333333333336,1.340085987029075,5134.345040996003,186233.0,0.3949890728281239,73312.0,389881.0,798025.0,-0.0600720209515495,-0.2402143218058843,0.0,4.02699836867863,0.9367591082109842,76584.0,0.8997701869842265,0.5059522179899317,High,2101019.0,1897146.0,0.10746299968478967,28.561976617727026
202211,미국,64861.0,1331.5,86.26,73908,264816,798025,78.62217082438461,21.3778291756154,2022-11-01,11,4,fall,0,73560.0,60435.0,50299.0,-0.1182572050027188,61431.333333333336,56028.333333333336,1.055829272792386,11662.462875968076,184092.0,0.3523292701475349,68908.0,296226.0,798025.0,0.0725605154699019,-0.1060339065443276,0.0,4.082823268219731,1.1394828941891122,74603.33333333333,0.9906795942987356,0.4901367676832419,High,1810403.0,2101019.0,-0.1383214525903859,27.912042675876105
202212,미국,63352.0,1267.3,77.22,61801,430441,798025,73.3993733582302,26.600626641769782,2022-12-01,12,4,winter,0,64861.0,73560.0,60435.0,-0.0232651362143661,66285.33333333333,59756.833333333336,0.9557468721084604,6677.420934262983,231106.0,0.2741252931555217,73908.0,264816.0,798025.0,-0.1638117659793256,0.6254342637907075,0.0,6.7944342720040405,0.975517742139159,72042.66666666667,0.8578388732602902,0.3805980440818319,High,1692700.0,1810403.0,-0.06501480609565936,26.71896704129309
202301,미국,49120.0,1228.7,80.42,58369,420344,798025,86.62887629209737,13.371123707902637,2023-01-01,1,1,winter,0,63352.0,64861.0,73560.0,-0.2246495769667887,67257.66666666667,61074.833333333336,0.7303256629975269,5509.884239558355,217220.0,0.226130190590185,61801.0,430441.0,798025.0,-0.0555330819889645,-0.023457337939462,0.0,8.557491856677524,1.188293973941368,68205.66666666667,0.8557793340729264,0.3805523500434485,Medium,1325505.0,1692700.0,-0.21692857564837242,26.98503664495114
202302,미국,46204.0,1317.4,82.11,57324,259104,798025,86.5315852205006,13.468414779499405,2023-02-01,2,1,winter,0,49120.0,63352.0,64861.0,-0.0593648208469055,59111.0,60271.16666666666,0.7816480858046726,8685.293950120535,250688.0,0.1843087822312994,58369.0,420344.0,798025.0,-0.0179033391012352,-0.3835905829511067,0.0,5.607826162237036,1.240671803307073,64692.66666666666,0.8860973423056709,0.344280503128409,Medium,1325089.0,1325505.0,-0.00031384264865089157,28.67909704787464
202303,미국,86430.0,1303.8,78.51,60316,588219,798025,89.80163076548618,10.198369234513812,2023-03-01,3,1,spring,1,46204.0,49120.0,63352.0,0.8706172625746689,52892.0,59588.66666666666,1.63408454964834,9175.20920742413,442797.0,0.1951910243294331,57324.0,259104.0,798025.0,0.0521945432977461,1.2702042423119675,0.0,6.805727178063172,0.6978595395117436,59164.66666666666,1.019459812726064,0.4827308586553379,High,2068563.0,1325089.0,0.5610747655440502,23.9333911836168
202304,미국,108818.0,1339.9,83.44,75696,282849,798025,72.96929964822513,27.03070035177487,2023-04-01,4,2,spring,1,86430.0,46204.0,49120.0,0.2590304292491033,60584.66666666666,63921.16666666666,1.796131034255092,22430.15170107713,458419.0,0.2373767230415842,60316.0,588219.0,798025.0,0.2549903839777173,-0.5191433802716335,0.0,2.5992850447536253,0.6956202098917459,58669.66666666666,1.2902067507911528,0.5334024015211792,Medium,2311601.0,2068563.0,0.11749122458440957,21.242818283739823
202305,미국,101915.0,1322.2,74.96,74749,761785,998571,88.86445847223207,11.135541527767929,2023-05-01,5,2,spring,1,108818.0,86430.0,46204.0,-0.0634361962175375,80484.0,69797.5,1.26627652701158,31727.66042430484,509048.0,0.2002070531659097,75696.0,282849.0,798025.0,-0.01251056859015,1.6932568260803469,0.2513029040443595,7.474709316587353,0.7334445371142618,64445.333333333336,1.1598822774858275,0.4257030151872475,Medium,2411075.0,2311601.0,0.04303251296395875,23.657704950203602
202306,미국,121378.0,1312.8,74.99,141537,543906,998571,88.93610993058508,11.063890069414931,2023-06-01,6,2,summer,0,101915.0,108818.0,86430.0,0.1909728695481528,99054.33333333331,75973.16666666667,1.225367895733991,11464.867916087473,615164.0,0.1973099856298483,74749.0,761785.0,998571.0,0.8934969029686016,-0.2860111448768353,0.0,4.481092125426354,1.1660844634118208,70253.66666666667,2.014656411764985,0.4601230981136109,Low,2676523.0,2411075.0,0.11009528944557925,22.05113776796454
202307,미국,104823.0,1280.0,80.45,77134,423947,998571,86.73222390317702,13.267776096822995,2023-07-01,7,3,summer,0,121378.0,101915.0,108818.0,-0.136392097414688,110703.66666666669,85644.16666666667,0.94687920604858,9867.567903659505,684189.0,0.1532076663027321,141537.0,543906.0,998571.0,-0.4550258942891258,-0.2205509775586222,0.0,4.044408192858437,0.7358499565934957,97327.33333333331,0.7925214568021317,0.2712598078552585,Low,2590058.0,2676523.0,-0.03230497178615689,24.70887114469153
202308,미국,83250.0,1321.4,86.46,92956,425851,998571,89.21355819001504,10.786441809984971,2023-08-01,8,3,summer,0,104823.0,121378.0,101915.0,-0.2058040697175238,109372.0,94928.0,0.7611637347767253,10498.6733923862,748247.0,0.1112600518278055,77134.0,423947.0,998571.0,0.2051235512225477,0.0044911274286644,0.0,5.115327327327328,1.116588588588589,97806.66666666669,0.9504055619930476,0.2388280581865882,Low,2120234.0,2590058.0,-0.18139516566810474,25.468276276276278
202309,미국,96925.0,1344.8,93.25,80796,543890,998571,89.24027626317704,10.759723736822972,2023-09-01,9,3,fall,1,83250.0,104823.0,121378.0,0.1642642642642642,103150.33333333331,101102.33333333331,0.9396479571886988,19118.95541951316,733802.0,0.132086039558355,92956.0,425851.0,998571.0,-0.130814578940574,0.2771838037247769,0.0,5.611452153727108,0.8335929842661852,103875.66666666669,0.7778145025944478,0.5078134864412555,Medium,2279976.0,2120234.0,0.07534168398393762,23.523095176683004
202310,미국,115763.0,1352.8,89.75,83364,663618,998571,93.64630699274916,6.35369300725083,2023-10-01,10,4,fall,1,96925.0,83250.0,104823.0,0.1943564611813257,94999.33333333331,102851.5,1.2185664460803234,10914.65649176978,758558.0,0.1526092928952038,80796.0,543890.0,998571.0,0.0317837516708748,0.2201327474305466,0.0,5.7325570346311,0.7201264652781977,83628.66666666667,0.9968352159945154,0.4621438957362122,High,2587782.0,2279976.0,0.13500405267423868,22.35413733230825
202311,미국,93498.0,1289.0,83.55,91169,290191,998571,67.74193548387096,32.25806451612903,2023-11-01,11,4,fall,0,115763.0,96925.0,83250.0,-0.1923326105923309,98646.0,104009.0,0.9478133933459036,16324.679874349718,717482.0,0.130314070596893,83364.0,663618.0,998571.0,0.0936255457991459,-0.5627137901624127,0.0,3.1037134484160087,0.9750903762647328,85705.33333333333,1.06374943605221,0.1620701952267907,Low,2277973.0,2587782.0,-0.11971989912596966,24.363868745855527
202312,미국,78291.0,1289.4,77.33,59354,150769,998571,89.99564396689415,10.004356033105852,2023-12-01,12,4,winter,0,93498.0,115763.0,96925.0,-0.1626451902714496,102062.0,102606.16666666669,0.7670925515862906,11988.500031279917,651245.0,0.1202174296923584,91169.0,290191.0,998571.0,-0.3489673024822033,-0.4804490835346375,0.0,1.9257513635028287,0.758120345889055,85109.66666666667,0.6973825926549667,0.2873914230670459,Low,2008063.0,2277973.0,-0.11848691797488381,25.648708025188082
202401,미국,61754.0,1330.6,78.85,75604,662903,998571,88.95906816503978,11.040931834960215,2024-01-01,1,1,winter,0,78291.0,93498.0,115763.0,-0.2112247895671277,95850.66666666669,95425.0,0.6442730358335188,18846.45792538567,604285.0,0.1021935014107581,59354.0,150769.0,998571.0,0.27378104255821,3.3968123420597074,0.0,10.734575897917544,1.2242769699128802,77962.33333333333,0.9697503495277636,0.3903465281684001,Low,1630316.0,2008063.0,-0.18811511391823862,26.400168410143472
202402,미국,62607.0,1334.0,80.88,68855,332296,998571,89.81469809655867,10.18530190344132,2024-02-01,2,1,winter,0,61754.0,78291.0,93498.0,0.0138128704213492,77847.66666666667,88246.83333333333,0.8042244897085333,15876.64298059679,722487.0,0.0866548463847792,75604.0,662903.0,998571.0,-0.0892677636103909,-0.4987260579602144,0.0,5.307649304390883,1.09979714728385,75375.66666666667,0.913491091289408,0.2299712152867756,Low,1619618.0,1630316.0,-0.006561918057603556,25.869599246090694
202403,미국,119955.0,1346.8,84.18,82835,145032,998571,86.35553972212327,13.644460277876735,2024-03-01,3,1,spring,1,62607.0,61754.0,78291.0,0.9159998083281422,67550.66666666667,84806.33333333333,1.775778181315753,9311.174594718645,1014857.0,0.1181989186653883,68855.0,332296.0,998571.0,0.2030353641710841,-0.5635457543876544,0.0,1.2090533950231337,0.6905506231503481,67937.66666666667,1.2192794375236122,0.4837144680414271,High,2451379.0,1619618.0,0.5135538133065946,20.43582176649577
202404,미국,122728.0,1378.7,89.17,70218,370957,998571,88.59118409680208,11.408815903197926,2024-04-01,4,2,spring,1,119955.0,62607.0,61754.0,0.0231170022091617,81438.66666666667,88644.66666666667,1.5069991322713208,33358.84968540332,923571.0,0.1328842070615036,82835.0,145032.0,998571.0,-0.152314842759703,1.5577596668321474,0.0,3.022594680920409,0.572143276187993,75764.66666666667,0.9267908523762176,0.4959682189535961,Medium,2629790.0,2451379.0,0.07277985166716366,21.427791539013104
202405,미국,122694.0,1376.5,84.04,74751,461087,989588,74.6583365872706,25.341663412729403,2024-05-01,5,2,spring,1,122728.0,119955.0,62607.0,-0.0002770353953458,101763.33333333331,89805.5,1.2056798453929052,33938.71259098277,959085.0,0.1279281815480379,70218.0,370957.0,998571.0,0.0645560967273348,0.242966165889847,-0.0089958550769048,3.758024027254797,0.6092473959606827,73969.33333333333,1.010567442363502,0.1866517145820216,Low,2864438.0,2629790.0,0.08922689644420277,23.34619459794285
202406,미국,151721.0,1389.2,82.56,76375,481013,989588,88.5849157815685,11.4150842184315,2024-06-01,6,2,summer,0,122694.0,122728.0,119955.0,0.2365804358811351,121792.33333333331,94671.5,1.2457352269026238,1591.2681525533908,1006181.0,0.1507889733556885,74751.0,461087.0,989588.0,0.0217254618667308,0.0432152717383053,0.0,3.17037852373765,0.5033910928612387,75934.66666666667,1.0057988446208144,0.5191344049404194,Medium,3399578.0,2864438.0,0.18682198741952175,22.40677295825891
202407,미국,120874.0,1384.6,83.83,78752,373357,989588,87.49384135325998,12.506158646740024,2024-07-01,7,3,summer,0,151721.0,122694.0,122728.0,-0.2033139776299919,132381.0,106909.83333333331,0.913076649972428,16748.93993660484,1023922.0,0.1180500077154314,76375.0,481013.0,989588.0,0.0311227495908347,-0.2238109988711323,0.0,3.0888114896503795,0.6515214189982957,73781.33333333333,1.0673702472170017,0.2219814461032589,Low,3038458.0,3399578.0,-0.10622494909662317,25.13739927527839
202408,미국,102057.0,1335.3,77.6,84751,310076,989588,88.98063074248822,11.019369257511794,2024-08-01,8,3,summer,0,120874.0,151721.0,122694.0,-0.1556745040289888,131763.0,116763.16666666669,0.7745497597959974,17308.07392519447,1141680.0,0.0893919487071683,78752.0,373357.0,989588.0,0.0761758431531897,-0.16949193399347,0.0,3.038262931499064,0.8304280941042751,76626.0,1.1060345052593117,0.171837433125621,Low,2806408.0,3038458.0,-0.07637097501430001,27.498437147868348
202409,미국,109695.0,1319.6,73.52,88414,495432,989588,90.00166546383169,9.998334536168322,2024-09-01,9,3,fall,1,102057.0,120874.0,151721.0,0.0748405302918957,124884.0,123338.16666666669,0.8783751321226098,25073.657471537685,1009319.0,0.108682190665191,84751.0,310076.0,989588.0,0.0432207289589503,0.5977760291025426,0.0,4.516450157254205,0.8059984502484161,79959.33333333333,1.1057370830172004,0.4887930101800126,Medium,2811162.0,2806408.0,0.0016939803478325318,25.627075071789964
202410,미국,141152.0,1383.3,74.94,90201,603509,989588,93.07175680452455,6.928243195475433,2024-10-01,10,4,fall,1,109695.0,102057.0,120874.0,0.286767856328912,110875.33333333331,121628.16666666669,1.2730694533800726,9463.86614092426,1042520.0,0.1353950044123853,88414.0,495432.0,989588.0,0.020211731173796,0.2181469909089441,0.0,4.275596520063478,0.6390345159827704,83972.33333333333,1.0741752243794584,0.5140713425651737,High,3256237.0,2811162.0,0.1583242089925803,23.069010711856723
202411,미국,108982.0,1394.7,72.61,61646,453774,989588,72.71502082822838,27.284979171771624,2024-11-01,11,4,fall,0,141152.0,109695.0,102057.0,-0.2279103377918839,117634.66666666669,124698.83333333331,0.9264445854963388,20721.57055662847,914291.0,0.1191983733844038,90201.0,603509.0,989588.0,-0.316570769725391,-0.2481073190292108,0.0,4.163751812225872,0.5656530436218825,87788.66666666667,0.7022090930492166,0.1628413228826096,Low,2865331.0,3256237.0,-0.12004838714135366,26.291782129158943
202412,미국,95889.0,1470.0,73.23,73295,376090,989588,68.97451963241437,31.02548036758563,2024-12-01,12,4,winter,0,108982.0,141152.0,109695.0,-0.1201391055403644,119943.0,122413.5,0.7994547410019759,18370.992161557268,830588.0,0.1154471290218495,61646.0,453774.0,989588.0,0.1889660318593258,-0.1711953527526918,0.0,3.922139140047346,0.7643733900655967,80087.0,0.9151922284515588,0.1853348386966339,Low,2547074.0,2865331.0,-0.11107163535382125,26.562733994514492
202501,미국,74262.0,1433.3,80.41,81557,465835,989588,66.23134328358209,33.76865671641791,2025-01-01,1,1,winter,0,95889.0,108982.0,141152.0,-0.225542032975628,115341.0,113108.16666666669,0.6438473743074883,23291.89672396817,793151.0,0.0936290819780848,73295.0,376090.0,989588.0,0.1127225595197489,0.238626392618788,0.0,6.272858258597937,1.0982332821631522,75047.33333333333,1.0867408124650222,0.1551370842923301,Low,1975584.0,2547074.0,-0.22437118042114207,26.60289246182435
202502,미국,72445.0,1439.6,77.92,87443,163277,989588,91.67779421848496,8.32220578151503,2025-02-01,2,1,winter,0,74262.0,95889.0,108982.0,-0.0244674261398831,93044.33333333331,105339.5,0.778607330555685,17533.929859941127,788072.0,0.0919268797774822,81557.0,465835.0,989588.0,0.0721703839032823,-0.6494960662036987,0.0,2.253806335840983,1.2070260197391125,72166.0,1.2116924867666214,0.3360312287987038,Medium,1842288.0,1975584.0,-0.06747169444579426,25.430160811650218
202503,미국,132117.0,1466.5,72.49,103445,569963,989588,78.32371873399113,21.676281266008864,2025-03-01,3,1,spring,1,72445.0,74262.0,95889.0,0.8236869349161433,80865.33333333333,100404.16666666669,1.633790334547973,13042.556970676282,1116325.0,0.1183499428929747,87443.0,163277.0,989588.0,0.1829992109145386,2.490773348358924,0.0,4.314077673577208,0.7829802372139846,80765.0,1.280814709341918,0.4738646692682284,High,3060159.0,1842288.0,0.6610643938407025,23.162492336338246
202504,미국,153381.0,1438.5,67.74,88958,610420,989588,66.91753543399321,33.08246456600679,2025-04-01,4,2,spring,1,132117.0,72445.0,74262.0,0.1609482504144054,92941.33333333331,104141.16666666669,1.650299113419218,33939.28426371622,1070718.0,0.1432506038004404,103445.0,569963.0,989588.0,-0.1400454347721011,0.0709818005730196,0.0,3.979762812864697,0.5799805712571962,90815.0,0.9795518361504156,0.3379496037492043,Medium,3248871.0,3060159.0,0.06166738394965752,21.181704383202614
202505,미국,132324.0,1381.4,63.73,58112,1080178,678784,75.1470279353077,24.85297206469229,2025-05-01,5,2,spring,1,153381.0,132117.0,72445.0,-0.1372855829600798,119314.33333333331,106179.33333333331,1.1090369136985498,41959.38785699014,1109975.0,0.1192134957994549,88958.0,610420.0,989588.0,-0.3467479035050248,0.7695652173913043,-0.3140741399451084,8.163129893292222,0.4391644750763278,93282.0,0.6229712055916469,0.2311466520094764,Low,3381881.0,3248871.0,0.040940375902890576,25.557578368247636
202506,미국,166242.0,1356.4,69.26,77962,1330089,678784,80.67296297626315,19.32703702373685,2025-06-01,6,2,summer,0,132324.0,153381.0,132117.0,0.2563253831504489,139274.0,110069.66666666669,1.193632695262576,12217.45877832196,1151428.0,0.1443789798406848,58112.0,1080178.0,678784.0,0.3415817731277533,0.2313609423632031,0.0,8.00092034503916,0.4689669277318607,83505.0,0.9336207412729776,0.5735160408645509,High,3766908.0,3381881.0,0.11384995509895234,22.659183599812323
202507,미국,131832.0,1382.9,70.87,55969,670744,678784,73.1661297745053,26.83387022549471,2025-07-01,7,3,summer,0,166242.0,132324.0,153381.0,-0.2069874039051503,150649.0,121795.16666666669,0.8750937609940989,17123.245866365265,1297265.0,0.1016230299900174,77962.0,1330089.0,678784.0,-0.2820989712937072,-0.4957149483981899,0.0,5.08786940955155,0.4245479094605255,75010.66666666667,0.7461472146183653,0.1855000037989305,Low,3487980.0,3766908.0,-0.07404693716968931,26.45776442745312
202508,미국,111754.0,1388.6,69.39,54832,2749630,678784,66.67234695181699,33.32765304818302,2025-08-01,8,3,summer,0,131832.0,166242.0,132324.0,-0.1522998968384004,143466.0,131390.16666666666,0.7789580806602261,19726.128560870628,1351649.0,0.0826797489584944,55969.0,670744.0,678784.0,-0.0203148171309117,3.099373233305106,0.0,24.604309465433005,0.4906491042826207,64014.333333333336,0.8565581666605916,0.2529773174295567,Medium,2933922.0,3487980.0,-0.15884781449434918,26.253395851602626
202509,미국,121682.0,1402.2,70.01,66436,525491,678784,59.2115511353424,40.7884488646576,2025-09-01,9,3,fall,1,111754.0,131832.0,166242.0,0.0888379834278862,136609.33333333334,137941.66666666666,0.8907297695618649,27556.35537100888,1191448.0,0.1021295096386917,54832.0,2749630.0,678784.0,0.2116282462795448,-0.8088866502038456,0.0,4.318559852730889,0.5459805065662957,62921.0,1.0558637021026367,0.376641408786355,Medium,2996837.0,2933922.0,0.021443992035234748,24.628433128975527
202510,미국,148951.0,1423.2,65.0,73355,2614961,678784,70.03621801478165,29.96378198521834,2025-10-01,10,4,fall,1,121682.0,111754.0,131832.0,0.2241005243174832,121756.0,136202.5,1.2233565491639016,10039.20455016225,1143924.0,0.1302105734297033,66436.0,525491.0,678784.0,0.1041453428863869,3.976224140851128,0.0,17.555847224926318,0.4924773918939785,59079.0,1.241642546420894,0.5822240254698605,High,3404077.0,2996837.0,0.13588993996003118,22.853669998858685
202511,미국,132651.0,1464.8,64.47,50189,2930399,678784,73.99116997792494,26.00883002207506,2025-11-01,11,4,fall,0,148951.0,121682.0,111754.0,-0.1094319608461843,127462.33333333331,135464.16666666666,1.040707450828611,19260.40997313741,1081405.0,0.122665421373121,73355.0,2614961.0,678784.0,-0.3158066934769272,0.1206281852769505,0.0,22.0910434146746,0.3783537251886529,64874.333333333336,0.7736341542366524,0.4236712410929215,Medium,3502703.0,3404077.0,0.028972905136987206,26.405402145479492
202512,미국,105599.0,1434.9,62.05,44655,1559360,678784,84.57159478101886,15.428405218981135,2025-12-01,12,4,winter,0,132651.0,148951.0,121682.0,-0.2039336303533331,134428.0,135518.66666666666,0.7855431904067605,13721.07455704534,1036549.0,0.1018755505046071,50189.0,2930399.0,678784.0,-0.1102632050847795,-0.4678676862775342,0.0,14.766806503849468,0.4228733226640404,63326.66666666666,0.7051531740183178,0.262126226985918,Low,3008680.0,3502703.0,-0.14104050500427812,28.491557685205354
202601,미국,76212.0,1427.0,61.97,50300,1641838,678784,71.26115264046298,28.73884735953701,2026-01-01,1,1,winter,0,105599.0,132651.0,148951.0,-0.2782886201573878,129067.0,125411.5,0.5904840121797206,21897.094967141136,924755.0,0.0824131797070575,44655.0,1559360.0,678784.0,0.1264136154965849,0.0528922121896162,0.0,21.54303784180969,0.6600010497034587,56066.333333333336,0.8971515882971955,0.2543463587069907,Low,2372756.0,3008680.0,-0.2113631226983262,31.13362725030179
202602,미국,80540.0,1424.5,68.4,51850,3433670,678784,66.89267318406391,33.10732681593609,2026-02-01,2,1,winter,0,76212.0,105599.0,132651.0,0.0567889571196137,104820.66666666669,116141.5,0.7683599290216305,28227.54917334011,1048888.0,0.0767860820221034,50300.0,1641838.0,678784.0,0.0308151093439363,1.0913573689974283,0.0,42.63310156444003,0.6437794884529426,48381.333333333336,1.0716943173675797,0.2840390463644822,Low,2069862.0,2372756.0,-0.12765492954184923,25.699801340948596
202603,미국,152416.0,1513.4,128.52,60349,2003466,678784,58.74888293118856,41.25111706881144,2026-03-01,3,1,spring,1,80540.0,76212.0,105599.0,0.8924261236652595,87450.33333333333,110939.16666666669,1.7428864383974143,15865.48052639238,1386767.0,0.1099074321785851,51850.0,3433670.0,678784.0,0.1639151398264223,-0.4165234282851875,0.0,13.144722338862062,0.39594924417384,48935.0,1.233248186369674,0.4448277413158449,High,3329041.0,2069862.0,0.6083395897890778,21.841807946672265
202604,미국,173457.0,1476.1,105.7,34775,3475573,678784,58.51639397692458,41.48360602307542,2026-04-01,4,2,spring,1,152416.0,80540.0,76212.0,0.13804981104346,103056.0,116061.5,1.68313344201211,42801.753422027,1315449.0,0.131861440466335,60349.0,2003466.0,678784.0,-0.4237684137268223,0.73478012604157,0.0,20.037087001389395,0.2004819638296523,54166.333333333336,0.6420039507935433,0.4804363982740519,Medium,3855540.0,3329041.0,0.15815335407404113,22.22764143274702
201811,일본,299978.0,988.98,65.56,36497,408942,343111,87.55458515283843,12.445414847161572,2018-11-01,11,4,fall,0,,,,,,,,,924065.0,0.3246286787184884,,,,,,,1.3632399709312015,0.121665588809846,,,0.636339635877458,High,572081.0,,,1.9070765189447225
201812,일본,258521.0,1013.18,57.32,78354,415295,343111,93.67862784924397,6.321372150756037,2018-12-01,12,4,winter,0,299978.0,,,-0.1382001346765429,,,,,892677.0,0.28960195008945,36497.0,408942.0,343111.0,1.1468613858673316,0.015535210372131,0.0,1.6064265572235912,0.3030856294072822,,,0.595219533934199,High,537647.0,572081.0,-0.06019077718015456,2.0797033896666033
201901,일본,206526.0,1024.81,59.09,80071,509220,343111,91.5638524643111,8.43614753568891,2019-01-01,1,1,winter,0,258521.0,299978.0,,-0.2011248602628026,,,,,785927.0,0.2627801309790858,78354.0,415295.0,343111.0,0.0219133675370753,0.2261645336447585,0.0,2.465645971935737,0.3877042115762664,,,0.6884677743366006,High,446485.0,537647.0,-0.1695573489668872,2.161882765366104
201902,일본,213200.0,1007.62,64.59,47696,1058591,343111,85.70869224745498,14.291307752545029,2019-02-01,2,1,winter,0,206526.0,258521.0,299978.0,0.0323155438056225,255008.3333333333,,0.8360511094408679,46824.92067620974,870182.0,0.2450062170902179,80071.0,509220.0,343111.0,-0.4043286583157447,1.0788480421036095,0.0,4.965248592870544,0.2237148217636022,64974.0,0.7340782466832887,0.5924724095731222,High,443443.0,446485.0,-0.006813218809142524,2.079939024390244
201903,일본,375119.0,1028.24,66.94,47933,714948,343111,81.86151530356247,18.138484696437533,2019-03-01,3,1,spring,1,213200.0,206526.0,258521.0,0.7594699812382739,226082.3333333333,,1.6592141211092712,28290.20838264247,1091595.0,0.3436430177859004,47696.0,1058591.0,343111.0,0.0049689701442468,-0.3246230130428088,0.0,1.9059231870419784,0.1277807842311373,68707.0,0.6976436170986945,0.9108233399473636,High,783281.0,443443.0,0.7663623058656919,2.088086713816149
201904,일본,290092.0,1037.02,70.94,52560,505032,343111,87.49276387727537,12.507236122724642,2019-04-01,4,2,spring,1,375119.0,213200.0,206526.0,-0.226666737755219,264948.3333333333,,1.094900263573401,95468.93428929296,1075042.0,0.269842480572852,47933.0,714948.0,343111.0,0.0965305739261051,-0.2936101646553316,0.0,1.7409373578037313,0.1811839002799112,58566.66666666666,0.8974388161639159,0.5795433732994064,High,584120.0,783281.0,-0.2542650721771625,2.013568109427354
201905,일본,286273.0,1085.82,69.38,51751,432200,1054470,79.1036016556496,20.89639834435041,2019-05-01,5,2,spring,1,290092.0,375119.0,213200.0,-0.0131647891013885,292803.6666666667,273906.0,0.97769608987137,80993.55216517756,1041306.0,0.2749172673546489,52560.0,505032.0,343111.0,-0.0153919330289193,-0.1442126439512743,2.073262005590028,1.509747688395343,0.1807749944982586,49396.333333333336,1.0476688553131472,0.7523499017107013,High,647371.0,584120.0,0.10828425665959049,2.261376378491859
201906,일본,282476.0,1073.35,61.78,45834,628010,1054470,79.98773138960054,20.01226861039945,2019-06-01,6,2,summer,0,286273.0,290092.0,375119.0,-0.0132635631023533,317161.3333333333,271621.8333333333,0.8906382030596416,50229.12038183962,1043046.0,0.2708183531694671,51751.0,432200.0,1054470.0,-0.1143359548607756,0.4530541416011105,0.0,2.223233124230023,0.1622580325408176,50748.0,0.9031685977772524,0.6306747110332511,High,627173.0,647371.0,-0.03120003830879048,2.220270040640621
201907,일본,274830.0,1088.45,63.28,71621,1586810,1054470,83.66564602068617,16.334353979313835,2019-07-01,7,3,summer,0,282476.0,286273.0,290092.0,-0.0270677862898086,286280.3333333333,275614.3333333333,0.960003073910072,3808.005295865033,1064013.0,0.2582957163117368,45834.0,628010.0,1054470.0,0.5626172710215124,1.5267272814127164,0.0,5.773787432230834,0.2606010988611141,50048.333333333336,1.4310366645575945,0.6316345999813548,High,619390.0,627173.0,-0.012409654114574448,2.253720481752356
201908,일본,329652.0,1140.66,59.13,112260,936928,1054470,74.04568853510519,25.954311464894825,2019-08-01,8,3,summer,0,274830.0,282476.0,286273.0,0.1994760397336535,281193.0,286998.3333333333,1.1723335929415029,5828.389914890969,1169581.0,0.2818547838926932,71621.0,1586810.0,1054470.0,0.5674173775847866,-0.4095524984087572,0.0,2.8421729581498063,0.3405409340759346,56402.0,1.9903549519520585,0.8302053671093468,High,768371.0,619390.0,0.2405285845751465,2.330854962202565
201909,일본,251119.0,1113.4,61.13,75789,671943,1054470,79.37613629399628,20.62386370600372,2019-09-01,9,3,fall,1,329652.0,274830.0,282476.0,-0.238230012255348,295652.6666666667,306407.0,0.8493716726158397,29691.435285841868,1031957.0,0.2433425036120691,112260.0,936928.0,1054470.0,-0.3248797434526991,-0.2828232265446224,0.0,2.675795140949112,0.3018051202816195,76571.66666666667,0.9897786387480138,0.5636305512403712,Medium,664734.0,768371.0,-0.13487885409522224,2.647087635742417
201910,일본,248541.0,1074.05,59.39,72320,1022868,1054470,85.37950410274706,14.620495897252944,2019-10-01,10,4,fall,1,251119.0,329652.0,274830.0,-0.0102660491639421,285200.3333333333,285740.3333333333,0.8714611132993066,40280.46526957373,1110823.0,0.2237449170569928,75789.0,671943.0,1054470.0,-0.0457718138516143,0.5222541197690875,0.0,4.115489999637886,0.2909781484744971,86556.66666666667,0.8355220087033542,0.5186278326832996,Medium,638809.0,664734.0,-0.039000562631067465,2.570235896693101
201911,일본,258522.0,1076.89,61.99,72371,920164,1054470,83.83452941048934,16.165470589510655,2019-11-01,11,4,fall,0,248541.0,251119.0,329652.0,0.0401583642135502,276437.3333333333,278815.1666666667,0.9351920628183362,46103.27626463584,1006970.0,0.2567325739595023,72320.0,1022868.0,1054470.0,0.0007051991150442,-0.1004078727655963,0.0,3.5593257053558305,0.2799413589559109,86789.66666666667,0.8338665509334828,0.7987493128919718,High,671698.0,638809.0,0.05148487263016019,2.5982237488492275
201912,일본,255356.0,1063.47,64.91,89449,910057,1054470,81.42380221961562,18.576197780384373,2019-12-01,12,4,winter,0,258522.0,248541.0,251119.0,-0.0122465399463101,252727.3333333333,274190.0,1.0104011965464756,5181.229808967464,1003750.0,0.2544019925280199,72371.0,920164.0,1054470.0,0.2359784996752843,-0.0109839115635908,0.0,3.5638755306317456,0.3502913579473363,73493.33333333333,1.2171035921625546,0.5719578861225572,High,682671.0,671698.0,0.016336210618462462,2.6734088879838342
202001,일본,203969.0,1086.68,64.32,123025,797701,1054470,54.44386590299195,45.55613409700805,2020-01-01,1,1,winter,0,255356.0,258522.0,248541.0,-0.201236704835602,254139.66666666663,269670.0,0.8025862419483251,5100.45981587279,930221.0,0.2192693994222878,89449.0,910057.0,1054470.0,0.3753647329763329,-0.1234603986343712,0.0,3.910893322024425,0.603155381455025,78046.66666666667,1.5763005039719824,0.5107344277655742,Medium,571754.0,682671.0,-0.16247504288302858,2.8031416538787757
202002,일본,211199.0,1109.95,54.23,131761,436979,1054470,55.69081326857497,44.30918673142503,2020-02-01,2,1,winter,0,203969.0,255356.0,258522.0,0.0354465629580965,239282.3333333333,257859.8333333333,0.8826351576310829,30623.18602518904,431732.0,0.48919005308849,123025.0,797701.0,1054470.0,0.0710099573257468,-0.4522020155421642,0.0,2.069039152647503,0.6238713251483198,94948.33333333331,1.3877126156330637,0.9692461116673108,High,630688.0,571754.0,0.10307579833284944,2.9862262605410064
202003,일본,8347.0,1130.83,33.71,136462,849305,1054470,48.384060835356784,51.61593916464321,2020-03-01,3,1,spring,1,211199.0,203969.0,255356.0,-0.960478032566442,223508.0,238117.66666666663,0.0373454194033323,27817.073048759103,36359.0,0.2295717704007261,131761.0,436979.0,1054470.0,0.0356782355932332,0.9435831012474284,0.0,101.749730442075,16.34862824967054,114745.0,1.1892631487210772,0.5809920062087253,Medium,91005.0,630688.0,-0.8557051981328327,10.902719539954475
202004,일본,360.0,1147.14,20.39,71827,702282,1054470,58.55350172586212,41.44649827413788,2020-04-01,4,2,spring,1,8347.0,211199.0,203969.0,-0.9568707319995208,141171.66666666666,197655.66666666663,0.002550086773786,115086.3253446444,10902.0,0.0330214639515685,136462.0,849305.0,1054470.0,-0.4736483416628805,-0.1731097779949488,0.0,1950.7833333333333,199.51944444444445,130416.0,0.5507529750950804,0.3955221976676678,Low,61051.0,91005.0,-0.3291467501785616,169.5861111111111
202005,일본,413.0,1150.63,30.47,86407,701180,816704,65.30807441917868,34.69192558082133,2020-05-01,5,2,spring,1,360.0,8347.0,211199.0,0.1472222222222222,73302.0,156292.16666666666,0.0056342255327276,119489.0580722771,14485.0,0.0285122540559199,71827.0,702282.0,1054470.0,0.2029877344174196,-0.0015691702193705,-0.2254838923819549,1697.772397094431,209.2179176755448,113350.0,0.7623026025584473,0.5864285438698558,High,65191.0,61051.0,0.06781215704902459,157.84745762711864
202006,일본,498.0,1116.05,40.8,60633,627893,816704,64.39714312564608,35.60285687435392,2020-06-01,6,2,summer,0,413.0,360.0,8347.0,0.2058111380145278,3040.0,113274.0,0.1638157894736842,4596.073215258366,15568.0,0.0319886947584789,86407.0,701180.0,816704.0,-0.298286018493872,-0.1045195242305827,0.0,1260.8293172690762,121.75301204819276,98232.0,0.6172428536525776,0.4323472242296404,High,65154.0,65191.0,-0.0005675630071635655,130.83132530120483
202007,일본,755.0,1137.32,43.3,68304,1317049,816704,66.24849306811332,33.751506931886674,2020-07-01,7,3,summer,0,498.0,413.0,360.0,0.5160642570281124,423.6666666666667,70797.66666666667,1.7820613690007867,69.61561138807393,22798.0,0.0331169400824633,60633.0,627893.0,816704.0,0.1265152639651675,1.0975691718174911,0.0,1744.435761589404,90.46887417218544,72955.66666666667,0.9362398168750884,0.4713883029057365,High,73279.0,65154.0,0.12470454615219327,97.05827814569537
202008,일본,1275.0,1123.0,44.0,65889,1593993,816704,61.47532845749082,38.52467154250918,2020-08-01,8,3,summer,0,755.0,498.0,413.0,0.6887417218543046,555.3333333333334,36928.66666666666,2.2959183673469385,178.06272307511145,31740.0,0.0401701323251417,68304.0,1317049.0,816704.0,-0.035356640899508,0.2102761552531454,0.0,1250.1905882352942,51.67764705882353,71781.33333333333,0.9179127349728806,0.4757219894431459,High,74894.0,73279.0,0.02203905620982819,58.74039215686275
202009,일본,794.0,1112.06,41.51,50556,1106963,816704,69.25783917222543,30.74216082777457,2020-09-01,9,3,fall,1,1275.0,755.0,498.0,-0.3772549019607843,842.6666666666666,1941.3333333333333,0.942246835443038,395.84887690746166,28971.0,0.0274067170618894,65889.0,1593993.0,816704.0,-0.2327095569821973,-0.3055408649849779,0.0,1394.1599496221663,63.67254408060453,64942.0,0.7784792584152013,0.3895872610712441,Medium,71169.0,74894.0,-0.0497369615723556,89.63350125944585
202010,일본,927.0,1083.5,40.67,72815,1245093,816704,62.11069078095041,37.88930921904959,2020-10-01,10,4,fall,1,794.0,1275.0,755.0,0.1675062972292191,941.3333333333334,682.5,0.9847733711048158,289.62101675964425,25128.0,0.03689111747851,50556.0,1106963.0,816704.0,0.4402840414589762,0.1247828518207022,0.0,1343.1423948220065,78.54908306364617,61583.0,1.1823879966873976,0.636316383526426,High,77992.0,71169.0,0.09587039300819176,84.13376483279396
202011,일본,1254.0,1061.57,43.42,63526,1200951,816704,60.71960080539262,39.28039919460738,2020-11-01,11,4,fall,0,927.0,794.0,1275.0,0.3527508090614886,998.6666666666666,777.0,1.2556742323097465,248.37941410045465,23916.0,0.052433517310587,72815.0,1245093.0,816704.0,-0.1275698688457048,-0.0354527734072876,0.0,957.6961722488038,50.65869218500797,63086.66666666666,1.0069639649159887,0.5686365017285903,High,71463.0,77992.0,-0.08371371422710022,56.98803827751196
202012,일본,951.0,1054.26,49.84,70367,1324592,816704,54.18036379574841,45.81963620425159,2020-12-01,12,4,winter,0,1254.0,927.0,794.0,-0.2416267942583732,991.6666666666666,917.1666666666666,0.9589915966386556,236.71994708702883,21363.0,0.0445162196320741,63526.0,1200951.0,816704.0,0.1076881906620911,0.1029525767495926,0.0,1392.8412197686646,73.99263932702418,62299.0,1.1295044864283537,0.4920467920286399,Medium,67063.0,71463.0,-0.06157032310426375,70.51840168243953
202101,일본,1299.0,1069.26,54.82,66062,1817325,816704,64.07458200811182,35.92541799188819,2021-01-01,1,1,winter,0,951.0,1254.0,927.0,0.3659305993690852,1044.0,992.6666666666666,1.2442528735632183,182.2608021916612,20972.0,0.0619397291626931,70367.0,1324592.0,816704.0,-0.0611792459533588,0.3719885066495947,0.0,1399.0184757505774,50.85604311008468,68902.66666666667,0.9587727615767168,0.6862533461574517,High,57008.0,67063.0,-0.14993364448354532,43.8860662047729
202102,일본,1719.0,1043.15,60.89,70272,961702,816704,67.85209609043807,32.14790390956194,2021-02-01,2,1,winter,0,1299.0,951.0,1254.0,0.3233256351039261,1168.0,1083.3333333333333,1.4717465753424657,189.2696489549685,25486.0,0.0674487954170917,66062.0,1817325.0,816704.0,0.0637280130786231,-0.4708145213431829,0.0,559.4543339150669,40.87958115183246,66651.66666666667,1.054317221374809,0.5294778355460347,High,63544.0,57008.0,0.11465057535784451,36.96567771960442
202103,일본,949.0,1027.33,64.44,75193,1305507,816704,52.28948861333982,47.71051138666018,2021-03-01,3,1,spring,1,1719.0,1299.0,951.0,-0.447934845840605,1323.0,1157.3333333333333,0.7173091458805745,384.56208863527286,32665.0,0.029052502678708,70272.0,961702.0,816704.0,0.0700278916211293,0.357496397012796,0.0,1375.6659641728136,79.23393045310854,68900.33333333333,1.0913299887276793,0.3648730037247786,Medium,87508.0,63544.0,0.37712451214906206,92.21074815595364
202104,일본,872.0,1016.9,62.92,66680,1005324,816704,59.686209744013205,40.31379025598679,2021-04-01,4,2,spring,1,949.0,1719.0,1299.0,-0.0811380400421496,1322.3333333333333,1183.1666666666667,0.6594403831610789,385.52993833015984,30962.0,0.0281635553258833,75193.0,1305507.0,816704.0,-0.1132153258946976,-0.2299359559159774,0.0,1152.894495412844,76.46788990825688,70509.0,0.9456948758314542,0.5516925114068414,Medium,88838.0,87508.0,0.015198610412762261,101.87844036697248
202105,일본,1403.0,1015.7,66.34,77105,909951,1119981,58.02333924997167,41.97666075002832,2021-05-01,5,2,spring,1,872.0,949.0,1719.0,0.6089449541284404,1180.0,1174.0,1.1889830508474577,468.3727148495479,33346.0,0.0420740118754873,66680.0,1005324.0,816704.0,0.1563437312537492,-0.0948679231770056,0.371342616174281,648.5751960085531,54.95723449750535,70715.0,1.0903627236088524,0.4587603054555255,Medium,95007.0,88838.0,0.06944100497534839,67.71703492516038
202106,일본,875.0,1022.12,71.6,79031,1036537,1119981,72.52768232149675,27.472317678503245,2021-06-01,6,2,summer,0,1403.0,872.0,949.0,-0.3763364219529579,1074.6666666666667,1198.8333333333333,0.8142059553349875,286.93959878148297,32330.0,0.0270646458397772,77105.0,909951.0,1119981.0,0.0249789248427469,0.1391129852046978,0.0,1184.6137142857142,90.32114285714286,72992.66666666667,1.0827252052717624,0.4154092920310679,Medium,100409.0,95007.0,0.05685896828654731,114.75314285714286
202107,일본,881.0,1048.48,72.93,95507,959389,1119981,62.82240346705992,37.17759653294008,2021-07-01,7,3,summer,0,875.0,1403.0,872.0,0.0068571428571428,1050.0,1186.1666666666667,0.839047619047619,305.7106475338195,36523.0,0.0241217862716644,79031.0,1036537.0,1119981.0,0.2084751553187989,-0.0744286021627785,0.0,1088.977298524404,108.40749148694664,74272.0,1.2859085523481255,0.348751058022998,Low,97723.0,100409.0,-0.02675059008654603,110.92281498297389
202108,일본,2258.0,1058.88,69.5,89565,922467,1119981,63.31493815413892,36.685061845861085,2021-08-01,8,3,summer,0,881.0,875.0,1403.0,1.5629965947786606,1053.0,1116.5,2.144349477682811,303.1237371364159,40720.0,0.0554518664047151,95507.0,959389.0,1119981.0,-0.0622153350016229,-0.0384849107087948,0.0,408.5327723649247,39.66563330380868,83881.0,1.0677626637736797,0.6050856409163975,High,105494.0,97723.0,0.07952068602069114,46.720106288751104
202109,일본,1142.0,1058.18,72.63,112399,901212,1119981,79.99506050876761,20.004939491232403,2021-09-01,9,3,fall,1,2258.0,881.0,875.0,-0.4942426926483614,1338.0,1206.3333333333333,0.8535127055306427,796.7490194631696,39934.0,0.0285971853558371,89565.0,922467.0,1119981.0,0.2549433372411098,-0.0230414746543778,0.0,789.1523642732049,98.422942206655,88034.33333333333,1.2767632325267038,0.4251743341188861,Medium,128586.0,105494.0,0.21889396553358484,112.59719789842381
202110,일본,1237.0,1031.65,81.61,108647,767269,1119981,75.53403933434191,24.46596066565809,2021-10-01,10,4,fall,1,1142.0,2258.0,881.0,0.0831873905429071,1427.0,1238.5,0.866853538892782,731.4034454495784,37337.0,0.033130674665881,112399.0,901212.0,1119981.0,-0.0333810799028461,-0.1486254066745671,0.0,620.2659660468877,87.83104284559418,99157.0,1.095706808394768,0.5507728459289442,Medium,141568.0,128586.0,0.10095966901528938,114.44462409054164
202111,일본,1623.0,1049.56,80.3,117808,560414,1119981,72.64041776696436,27.359582233035635,2021-11-01,11,4,fall,0,1237.0,1142.0,2258.0,0.3120452708164915,1545.6666666666667,1299.3333333333333,1.050032348501186,618.7247638076541,34712.0,0.0467561650149804,108647.0,767269.0,1119981.0,0.0843189411580623,-0.2695990584788386,0.0,345.2951324707332,72.58656808379544,103537.0,1.137834783700513,0.5804913204086758,High,136286.0,141568.0,-0.03731069168173599,83.97165742452249
202112,일본,1007.0,1030.24,73.21,88322,490571,1119981,76.9204020990074,23.079597900992603,2021-12-01,12,4,winter,0,1623.0,1237.0,1142.0,-0.3795440542205792,1334.0,1336.0,0.7548725637181409,254.74889600452144,29906.0,0.0336721728081321,117808.0,560414.0,1119981.0,-0.2502886051881027,-0.1246275075212253,0.0,487.1608738828203,87.70804369414101,112951.33333333331,0.781947387370372,0.3694506042589502,Low,127989.0,136286.0,-0.06087932729700776,127.09930486593844
202201,일본,1162.0,1042.8,83.47,100420,560309,1119981,69.47017623136014,30.52982376863985,2022-01-01,1,1,winter,0,1007.0,1623.0,1237.0,0.153922542204568,1289.0,1358.0,0.9014740108611328,311.27479823385386,26606.0,0.0436743591671051,88322.0,490571.0,1119981.0,0.1369760648536038,0.1421567927985959,0.0,482.1936316695353,86.41996557659208,104925.66666666669,0.957058489025564,0.5745320764136373,Medium,102698.0,127989.0,-0.19760291900085164,88.38037865748709
202202,일본,2934.0,1041.52,92.36,69814,583472,1119981,67.73517504167658,32.264824958323416,2022-02-01,2,1,winter,0,1162.0,1007.0,1623.0,1.5249569707401032,1264.0,1404.8333333333333,2.3212025316455698,320.41691593224067,36660.0,0.0800327332242225,100420.0,560309.0,1119981.0,-0.304779924317865,0.0413396893499836,0.0,198.86571233810497,23.794819359236534,102183.33333333331,0.6832229652585223,0.5036580917668068,High,109157.0,102698.0,0.06289314300181113,37.20415814587594
202203,일본,1397.0,992.74,110.93,90931,569733,1119981,72.54410619349159,27.455893806508413,2022-03-01,3,1,spring,1,2934.0,1162.0,1007.0,-0.5238582140422631,1701.0,1517.5,0.8212815990593768,1070.618045810685,33651.0,0.0415143680722712,69814.0,583472.0,1119981.0,0.3024751482510671,-0.0235469739764718,0.0,407.8260558339298,65.09019327129563,86185.33333333333,1.0550635065517722,0.3495843038009234,Low,159131.0,109157.0,0.45781763881381865,113.9090909090909
202204,일본,2231.0,970.16,102.82,90432,818736,1119981,72.47758057858992,27.52241942141008,2022-04-01,4,2,spring,1,1397.0,2934.0,1162.0,0.5969935576234788,1831.0,1560.0,1.2184598580010924,962.4255815466872,43988.0,0.0507183777393834,90931.0,569733.0,1119981.0,-0.0054876774697297,0.4370520928224273,0.0,366.9816225907665,40.5342895562528,87055.0,1.0387915685486186,0.5401640351571853,High,166989.0,159131.0,0.04938069892101476,74.84939489018377
202205,일본,3701.0,975.61,108.16,84438,1061492,1856074,73.79955332216639,26.20044667783361,2022-05-01,5,2,spring,1,2231.0,1397.0,2934.0,0.6588973554459884,2187.333333333333,1725.6666666666667,1.6920146296860712,769.4298755239371,58537.0,0.0632249688231375,90432.0,818736.0,1119981.0,-0.0662818471337579,0.2965009478024662,0.6572370424141124,286.8122129154283,22.814914887868145,83725.66666666667,1.008507944596838,0.4864899151128302,High,180985.0,166989.0,0.08381390390983837,48.90164820318833
202206,일본,5855.0,946.45,113.27,113314,995029,1856074,69.28247463046954,30.717525369530456,2022-06-01,6,2,summer,0,3701.0,2231.0,1397.0,0.5820048635503918,2443.0,2072.0,2.3966434711420384,1166.5384691536865,75710.0,0.0773345661075155,84438.0,1061492.0,1856074.0,0.3419787299557071,-0.0626128129086229,0.0,169.94517506404782,19.3533731853117,88600.33333333333,1.2789342402775008,0.2564646342720025,Low,190200.0,180985.0,0.05091582175318397,32.48505550811272
202207,일본,11789.0,970.53,103.14,104356,1347908,1856074,75.29599134563375,24.70400865436625,2022-07-01,7,3,summer,0,5855.0,3701.0,2231.0,1.0134927412467976,3929.0,2880.0,3.000509035377959,1822.7265291357603,86631.0,0.1360829264351098,113314.0,995029.0,1856074.0,-0.0790546622659159,0.3546419250092208,0.0,114.33607600305368,8.85198065993723,96061.33333333331,1.0863476112483692,0.5398090626324015,High,216996.0,190200.0,0.1408832807570978,18.406650267198234
202208,일본,26482.0,970.65,96.63,127451,2164236,1856074,75.75072147258403,24.24927852741596,2022-08-01,8,3,summer,0,11789.0,5855.0,3701.0,1.2463313258121975,7115.0,4651.166666666667,3.721995783555868,4188.631757509249,113473.0,0.2333771029231623,104356.0,1347908.0,1856074.0,0.2213097474031201,0.6056259032515572,0.0,81.72479419983385,4.812740729552148,100702.66666666669,1.2656169316933017,0.7671343641401331,High,319938.0,216996.0,0.4743958413979981,12.081338267502455
202209,일본,27560.0,993.25,90.95,161900,3196978,1856074,77.55416871187154,22.445831288128463,2022-09-01,9,3,fall,1,26482.0,11789.0,5855.0,0.0407068952496035,14708.666666666666,8575.833333333334,1.873725241354304,10618.927550998154,125306.0,0.2199415830048042,127451.0,2164236.0,1856074.0,0.2702921122627519,0.4771854825444175,0.0,116.00065312046443,5.874455732946299,115040.33333333331,1.4073325007750903,0.5168260624900398,High,377456.0,319938.0,0.17977858210028194,13.69579100145138
202210,일본,67159.0,961.19,91.16,235843,2520221,1856074,74.69487519829066,25.305124801709344,2022-10-01,10,4,fall,1,27560.0,26482.0,11789.0,1.4368287373004354,21943.666666666668,12936.333333333334,3.060518600659264,8810.70158008697,186233.0,0.3606181503815113,161900.0,3196978.0,1856074.0,0.4567201976528721,-0.2116864739138023,0.0,37.52618413019849,3.5117110141604253,131235.66666666666,1.797095301836137,0.842830276038271,High,531691.0,377456.0,0.4086171633249968,7.916898703077771
202211,일본,62422.0,959.54,86.26,162138,1488272,1856074,67.36635301416605,32.633646985833934,2022-11-01,11,4,fall,0,67159.0,27560.0,26482.0,-0.070534105629923,40400.333333333336,23757.666666666668,1.5450862616645076,23179.9525955802,184092.0,0.3390804597701149,235843.0,2520221.0,1856074.0,-0.3125172254423493,-0.4094676617645833,0.0,23.842106949472942,2.5974496171221686,175064.66666666666,0.9261606187427884,0.6613776832907227,High,479015.0,531691.0,-0.09907258163106014,7.673816923520554
202212,일본,84175.0,953.18,77.22,141187,1435516,1856074,70.83004842887712,29.16995157112288,2022-12-01,12,4,winter,0,62422.0,67159.0,27560.0,0.3484829066675211,52380.333333333336,33544.5,1.6069962645013076,21625.13589167347,231106.0,0.3642268050158802,162138.0,1488272.0,1856074.0,-0.1292170866792485,-0.0354478213659868,0.0,17.053947133947133,1.6773032373032373,186627.0,0.7565196890053422,0.8052820139258059,High,531724.0,479015.0,0.11003622016012024,6.316887436887437
202301,일본,66900.0,942.22,80.42,163864,1734782,1856074,78.53456471546923,21.465435284530763,2023-01-01,1,1,winter,0,84175.0,62422.0,67159.0,-0.2052272052272052,71252.0,46597.833333333336,0.938921012743502,11439.525296095517,217220.0,0.3079826903600037,141187.0,1435516.0,1856074.0,0.1606167706658545,0.2084727721599759,0.0,25.93097159940209,2.449387144992526,179722.66666666666,0.9117603418600512,0.7307530567947156,High,436529.0,531724.0,-0.17903085059166032,6.525097159940209
202302,일본,94393.0,967.36,82.11,148945,1684723,1856074,86.65780085162973,13.342199148370268,2023-02-01,2,1,winter,0,66900.0,84175.0,62422.0,0.4109566517189835,71165.66666666667,55783.0,1.3263839772924209,11486.739586729673,250688.0,0.3765357735511871,163864.0,1734782.0,1856074.0,-0.0910450129375579,-0.0288560752878459,0.0,17.847965421164705,1.5779242104817095,155729.66666666666,0.9564330495795064,0.8888099621521326,High,592744.0,436529.0,0.3578570954048872,6.27953343997966
202303,일본,192318.0,981.44,78.51,207120,2972100,1856074,86.24204293802063,13.757957061979372,2023-03-01,3,1,spring,1,94393.0,66900.0,84175.0,1.03741802887926,81822.66666666667,67101.5,2.35042449524989,13896.63147433008,442797.0,0.4343254358091857,148945.0,1684723.0,1856074.0,0.3905804155896472,0.7641475779697908,0.0,15.454091660686988,1.0769662746076811,151332.0,1.3686464197922448,0.9846866947227652,High,1072373.0,592744.0,0.8091671952816055,5.576040724217182
202304,일본,128309.0,1000.63,83.44,205518,2546881,1856074,79.63973590810212,20.360264091897875,2023-04-01,4,2,spring,1,192318.0,94393.0,66900.0,-0.3328289603677243,117870.33333333331,94561.16666666669,1.0885605934204536,65922.73937218734,458419.0,0.279894594246748,207120.0,2972100.0,1856074.0,-0.0077346465816917,-0.1430702197099694,0.0,19.84958966245548,1.6017426680903133,173309.66666666666,1.1858426823662462,0.7099318916270959,High,749962.0,1072373.0,-0.3006519186887398,5.8449680069207925
202305,일본,183691.0,945.98,74.96,188108,2767217,2258361,81.53662561415612,18.46337438584388,2023-05-01,5,2,spring,1,128309.0,192318.0,94393.0,0.4316298934603184,138340.0,104752.83333333331,1.327822755529854,49727.17694581105,509048.0,0.3608520218132671,205518.0,2546881.0,1856074.0,-0.084712774550161,0.0865120906709029,0.2167408196009426,15.064521397346631,1.0240458160715549,187194.3333333333,1.0048808457520972,0.9450434722247298,High,959185.0,749962.0,0.2789781348921679,5.221731059224458
202306,일본,196512.0,906.97,74.99,240204,3161325,2258361,87.88722589627567,12.11277410372433,2023-06-01,6,2,summer,0,183691.0,128309.0,192318.0,0.0697965605282784,168106.0,124964.33333333331,1.1689767170713716,34734.09260366534,615164.0,0.3194465215779857,188108.0,2767217.0,2258361.0,0.2769472856018883,0.1424203450614823,0.0,16.087185515388374,1.2223375671714705,200248.66666666663,1.1995285861245852,0.7323304479297357,High,1061491.0,959185.0,0.10665929930096905,5.4016599495196225
202307,일본,211468.0,908.28,80.45,219720,2980880,2258361,79.61029016438847,20.389709835611527,2023-07-01,7,3,summer,0,196512.0,183691.0,128309.0,0.0761073115127829,169504.0,143687.16666666666,1.2475693788937134,36247.28305680301,684189.0,0.3090783394646801,240204.0,3161325.0,2258361.0,-0.0852775141130039,-0.0570789146955785,0.0,14.09612801936936,1.039022452569656,211276.66666666663,1.0399633971254123,0.7368271077617993,High,1097009.0,1061491.0,0.03346048153022494,5.187588665897441
202308,일본,263453.0,905.07,86.46,197608,2800105,2258361,70.4559790017702,29.544020998229804,2023-08-01,8,3,summer,0,211468.0,196512.0,183691.0,0.2458291561843872,197223.66666666663,167781.83333333334,1.3358082447846862,13902.168332074283,748247.0,0.3520936268371273,219720.0,2980880.0,2258361.0,-0.1006371745858365,-0.0606448431335713,0.0,10.628480222278736,0.7500692723180226,216010.66666666663,0.9148066762135204,0.9046750096293537,High,1359235.0,1097009.0,0.23903723670453023,5.159307352734643
202309,일본,250102.0,902.22,93.25,242912,2853698,2258361,90.1887124186837,9.811287581316298,2023-09-01,9,3,fall,1,263453.0,211468.0,196512.0,-0.0506769708448945,223811.0,195958.5,1.117469650732091,35135.97311872823,733802.0,0.3408303602334144,197608.0,2800105.0,2258361.0,0.2292619731994656,0.0191396394063794,0.0,11.410136664240987,0.971251729294448,219177.3333333333,1.1082897866567711,0.8611957666816374,High,1357150.0,1359235.0,-0.0015339510827781803,5.4263860344979244
202310,일본,255092.0,907.04,89.75,249927,2235950,2258361,91.9125137190213,8.0874862809787,2023-10-01,10,4,fall,1,250102.0,263453.0,211468.0,0.0199518596412663,241674.3333333333,205589.16666666663,1.0555196179983255,26997.76343205719,758558.0,0.3362854257683658,242912.0,2853698.0,2258361.0,0.0288787709129231,-0.2164728012564749,0.0,8.765269000987878,0.9797524030545842,220080.0,1.1356188658669577,0.7857808861269473,High,1291945.0,1357150.0,-0.04804553660243893,5.0646237435905475
202311,일본,278322.0,877.29,83.55,167693,1987643,2258361,87.73620322863222,12.263796771367788,2023-11-01,11,4,fall,0,255092.0,250102.0,263453.0,0.091065184325655,256215.66666666663,226719.66666666663,1.0862801780271047,6746.055909442397,717482.0,0.3879149581452915,249927.0,2235950.0,2258361.0,-0.329032077366591,-0.1110521254947561,0.0,7.141523127887842,0.6025143538778824,230149.0,0.7286279757895971,0.9999999991128442,High,1407036.0,1291945.0,0.08908351361706575,5.055425011317826
202312,일본,195869.0,912.66,77.33,159764,1635050,2258361,83.23782390744103,16.762176092558963,2023-12-01,12,4,winter,0,278322.0,255092.0,250102.0,-0.2962503862432721,261172.0,242491.5,0.7499617110563154,15060.44156059141,651245.0,0.3007608503712121,167693.0,1987643.0,2258361.0,-0.0472828323185821,-0.1773925196828605,0.0,8.3476711475527,0.815667614579132,220177.3333333333,0.7256151102444696,0.5904971757622545,High,1036053.0,1407036.0,-0.2636627634260957,5.289520036350826
202401,일본,143152.0,901.89,78.85,153676,1176140,2258361,81.85407794728047,18.14592205271953,2024-01-01,1,1,winter,0,195869.0,278322.0,255092.0,-0.2691441728910649,243094.3333333333,242384.3333333333,0.5888742778866366,42515.671302865776,604285.0,0.2368948426652986,159764.0,1635050.0,2258361.0,-0.0381062066548158,-0.2806703158924803,0.0,8.216022130323013,1.0735162624343355,192461.3333333333,0.7984772698931734,0.546585431801172,High,818829.0,1036053.0,-0.20966494957304307,5.719996926344026
202402,일본,183999.0,885.76,80.88,135941,1304779,2258361,76.87843742677161,23.121562573228392,2024-02-01,2,1,winter,0,143152.0,195869.0,278322.0,0.2853400581200402,205781.0,230998.3333333333,0.8941496056487236,68127.95338919257,722487.0,0.2546744785719327,153676.0,1176140.0,2258361.0,-0.1154051380827194,0.1093738840614212,0.0,7.091228756678025,0.7388137979010756,160377.66666666666,0.8476304888669038,0.6958012212361832,High,1042305.0,818829.0,0.27292145246443394,5.664731873542791
202403,일본,338742.0,889.48,84.18,152814,1846787,2258361,86.81364648564855,13.186353514351447,2024-03-01,3,1,spring,1,183999.0,143152.0,195869.0,0.8409991358648689,174340.0,217756.0,1.9429964437306413,27653.982226796896,1014857.0,0.3337829861744068,135941.0,1304779.0,2258361.0,0.1241200226568879,0.41540214856309,0.0,5.451898495019808,0.4511220929202756,149793.66666666666,1.0201632912828982,0.922064051804686,High,1835807.0,1042305.0,0.7612953981799953,5.4194844453891164
202404,일본,229252.0,882.68,89.17,149994,1700142,2258361,86.55929338380591,13.44070661619408,2024-04-01,4,2,spring,1,338742.0,183999.0,143152.0,-0.3232253455432158,221964.3333333333,232529.3333333333,1.0328326022348937,103174.06130580168,923571.0,0.2482234717200951,152814.0,1846787.0,2258361.0,-0.0184538065884015,-0.0794054755637764,0.0,7.416039990927015,0.6542756442691885,147477.0,1.017067068085193,0.5588114449861956,High,1315976.0,1835807.0,-0.2831621188937617,5.740303247081814
202405,일본,278423.0,877.84,84.04,185853,2804899,2640832,84.3579001367989,15.642099863201096,2024-05-01,5,2,spring,1,229252.0,338742.0,183999.0,0.2144844974089648,250664.3333333333,228222.66666666663,1.1107403925302497,79562.64843714872,959085.0,0.2903006511414525,149994.0,1700142.0,2258361.0,0.2390695627825113,0.6498027811794544,0.1693577776095141,10.074235964701192,0.6675202838845928,146249.66666666666,1.2707926399832252,0.8684349223537102,High,1444893.0,1315976.0,0.09796303276047587,5.189560488896391
202406,일본,258431.0,864.31,82.56,216813,2632620,2640832,79.96381989245091,20.03618010754909,2024-06-01,6,2,summer,0,278423.0,229252.0,338742.0,-0.0718044127101568,282139.0,228239.5,0.9159704968118552,54839.50689967942,1006181.0,0.2568434506316458,185853.0,2804899.0,2640832.0,0.1665832674210263,-0.061420749909355,0.0,10.186935777828513,0.8389589484233703,162887.0,1.3310638663613426,0.5645899290730009,High,1506604.0,1444893.0,0.04270973698398428,5.829811439030148
202407,일본,242953.0,905.44,83.83,219329,2054509,2640832,87.86280903813687,12.137190961863134,2024-07-01,7,3,summer,0,258431.0,278423.0,229252.0,-0.0598921955957296,255368.66666666663,238666.5,0.9513814015292924,24728.12617917752,1023922.0,0.2372768628860401,216813.0,2632620.0,2640832.0,0.011604470211657,-0.2195953080961172,0.0,8.456405148320869,0.9027630858643442,184220.0,1.1905819129301922,0.6612147382537517,High,1417588.0,1506604.0,-0.05908387340004407,5.834824019460554
202408,일본,323465.0,921.75,77.6,339006,3447749,2640832,89.07774386307412,10.92225613692588,2024-08-01,8,3,summer,0,242953.0,258431.0,278423.0,0.3313891987339115,259935.66666666663,255300.0,1.2444040640825231,17782.807464889338,1141680.0,0.2833236984093616,219329.0,2054509.0,2640832.0,0.545650597960142,0.6781376961600071,0.0,10.658800797613344,1.048045383580913,207331.66666666663,1.635090314230822,0.8563587594313982,High,1884634.0,1417588.0,0.3294652607104462,5.826392345385127
202409,일본,310652.0,924.51,73.52,240646,1990755,2640832,90.95788314153796,9.042116858462045,2024-09-01,9,3,fall,1,323465.0,242953.0,258431.0,-0.0396117045120801,274949.6666666667,278544.3333333333,1.1298504332308097,42722.3044478329,1009319.0,0.3077837631115633,339006.0,3447749.0,2640832.0,-0.2901423573624065,-0.4225928279581837,0.0,6.408312194996331,0.7746481593551627,258382.66666666663,0.9313550444560263,0.8305511477511855,High,1939471.0,1884634.0,0.02909689626739197,6.243227148062784
202410,일본,323266.0,902.2,74.94,220817,2467969,2640832,88.83125043101137,11.168749568988638,2024-10-01,10,4,fall,1,310652.0,323465.0,242953.0,0.0406049212623771,292356.6666666667,273862.6666666667,1.1057247426089136,43261.81864338718,1042520.0,0.3100813413651536,240646.0,1990755.0,2640832.0,-0.0823990425770634,0.2397150829710336,0.0,7.634483675982008,0.6830814252040116,266327.0,0.8291198413979807,0.727834006500818,High,1861355.0,1939471.0,-0.04027696212008326,5.757967123050367
202411,일본,341198.0,920.87,72.61,156861,2206361,2640832,86.21819759740556,13.781802402594437,2024-11-01,11,4,fall,0,323266.0,310652.0,323465.0,0.0554713455791824,319127.6666666667,289531.6666666667,1.0691583201289347,7340.817007208518,914291.0,0.373183155034885,220817.0,2467969.0,2640832.0,-0.2896334974209413,-0.1060013314591876,0.0,6.466512113201133,0.4597359890737929,266823.0,0.5878841029446487,0.9778831878619124,High,1900332.0,1861355.0,0.020940121578097676,5.569587160534352
202412,일본,250546.0,936.48,73.23,254334,2909248,2640832,73.00517614671006,26.994823853289933,2024-12-01,12,4,winter,0,341198.0,323266.0,310652.0,-0.2656873721416889,325038.6666666667,299994.1666666667,0.7708190615270388,15349.960564552655,830588.0,0.3016489523084851,156861.0,2206361.0,2640832.0,0.6213972880448295,0.3185729805775211,0.0,11.611632195285496,1.015118980147358,206108.0,1.23398412482776,0.6092332315098314,High,1459044.0,1900332.0,-0.2322162653683672,5.823457568670024
202501,일본,174717.0,927.88,80.41,195151,2472019,2640832,73.06335461675268,26.936645383247328,2025-01-01,1,1,winter,0,250546.0,341198.0,323266.0,-0.3026550014767747,305003.3333333333,298680.0,0.5728363624441263,48006.14566212664,793151.0,0.2202821404751428,254334.0,2909248.0,2640832.0,-0.2326979483671078,-0.1502893531249312,0.0,14.148703331673506,1.116954846981118,210670.66666666663,0.9263320949602224,0.4953731697786129,High,1111474.0,1459044.0,-0.23821762743275735,6.36156756354562
202502,일본,224482.0,961.82,77.92,164524,2034112,2640832,70.82692053999384,29.17307946000616,2025-02-01,2,1,winter,0,174717.0,250546.0,341198.0,0.2848320426747254,255487.0,287307.3333333333,0.8786435317648256,83350.41062286368,788072.0,0.2848496076500624,195151.0,2472019.0,2640832.0,-0.1569400105559285,-0.1771454831051055,0.0,9.061359039923024,0.7329050881585161,202115.3333333333,0.8140104824638078,0.7688550818469516,High,1326784.0,1111474.0,0.1937157324417845,5.910424889300701
202503,일본,383312.0,981.76,72.49,259582,3048678,2640832,73.91104666802259,26.088953331977404,2025-03-01,3,1,spring,1,224482.0,174717.0,250546.0,0.7075400254808849,216581.66666666663,270810.1666666667,1.769826624291068,38526.88360526089,1116325.0,0.3433695384408662,164524.0,2034112.0,2640832.0,0.5777758868007099,0.4987758786143536,0.0,7.953515673915765,0.677208122886839,204669.66666666663,1.2682973702339868,0.8508323089015153,High,2265971.0,1326784.0,0.7078672941488592,5.91155768668865
202504,일본,257903.0,1011.07,67.74,187916,2157760,2640832,68.84335267250957,31.15664732749044,2025-04-01,4,2,spring,1,383312.0,224482.0,174717.0,-0.3271721208832491,260837.0,282920.1666666667,0.988751595824212,108946.0096791066,1070718.0,0.2408692111274864,259582.0,3048678.0,2640832.0,-0.2760823169557211,-0.2922309276348633,0.0,8.366556418498428,0.7286305316339864,206419.0,0.91036193373672,0.4986729716273763,High,1555482.0,2265971.0,-0.3135472607548817,6.031267569590117
202505,일본,291626.0,959.27,63.73,315499,3165190,2451911,83.6124011415453,16.3875988584547,2025-05-01,5,2,spring,1,257903.0,383312.0,224482.0,0.1307584634533138,288565.6666666667,272026.3333333333,1.0106053272680855,83737.03822283972,1109975.0,0.2627320435144936,187916.0,2157760.0,2640832.0,0.6789363332552842,0.4668869568441346,-0.071538439400916,10.853593301008829,1.0818616995741122,204007.3333333333,1.5465081320606122,0.8441958577035209,High,1766901.0,1555482.0,0.1359186412957527,6.05879105429557
202506,일본,287140.0,938.98,69.26,201015,2180809,2451911,83.10094329393907,16.899056706060936,2025-06-01,6,2,summer,0,291626.0,257903.0,383312.0,-0.0153827162187184,310947.0,263764.3333333333,0.9234371130771482,64898.61401447635,1151428.0,0.249377294976325,315499.0,3165190.0,2451911.0,-0.3628664433167775,-0.311002183123288,0.0,7.59493278540085,0.7000592045691997,254332.3333333333,0.7903635269863446,0.592094535353493,High,1823980.0,1766901.0,0.032304582995878094,6.3522323605210005
202507,일본,299782.0,926.1,70.87,185151,1873698,2451911,82.7883897775178,17.2116102224822,2025-07-01,7,3,summer,0,287140.0,291626.0,257903.0,0.0440273037542662,278889.6666666667,269863.3333333333,1.0749125400845494,18312.8693091312,1297265.0,0.2310877114544831,201015.0,2180809.0,2451911.0,-0.0789194836206253,-0.14082434546079,0.0,6.250201813317678,0.6176188029968444,234810.0,0.7885141177973681,0.6870085429351313,High,1904903.0,1823980.0,0.04436616629568307,6.354294120394153
202508,일본,378852.0,944.79,69.39,233908,2277293,2451911,80.81919093086812,19.18080906913189,2025-08-01,8,3,summer,0,299782.0,287140.0,291626.0,0.2637583310538992,292849.3333333333,290707.5,1.293675473622386,6409.1691609224345,1351649.0,0.2802887436013344,185151.0,1873698.0,2451911.0,0.263336411901637,0.2154002405937349,0.0,6.0110359718306885,0.6174126043943281,233888.3333333333,1.0000840857104174,0.8191545695531478,High,2426191.0,1904903.0,0.273655928937064,6.404060160695997
202509,일본,370709.0,943.73,70.01,210083,2831359,2451911,80.27384333402898,19.72615666597102,2025-09-01,9,3,fall,1,378852.0,299782.0,287140.0,-0.021493881515737,321924.6666666667,316435.8333333333,1.1515395941493558,49704.0843526296,1191448.0,0.3111415689144637,233908.0,2277293.0,2451911.0,-0.1018562853771568,0.2433002692231522,0.0,7.637686163540675,0.5667059607400954,206691.3333333333,1.0164093317894316,0.8302487140178473,High,2458974.0,2426191.0,0.013512126621523202,6.633165097151674
202510,일본,316776.0,923.62,65.0,194897,2592241,2451911,80.56399535423925,19.436004645760743,2025-10-01,10,4,fall,1,370709.0,378852.0,299782.0,-0.1454860820751586,349781.0,314335.3333333333,0.9056409581995593,43491.40274812925,1143924.0,0.2769204947181806,210083.0,2831359.0,2451911.0,-0.0722857156457209,-0.0844534373775985,0.0,8.183198853448493,0.6152517867515216,209714.0,0.9293466339872396,0.6208515908382206,High,1827376.0,2458974.0,-0.2568542815011464,5.768669343637145
202511,일본,362879.0,937.29,64.47,256144,3461329,2451911,55.15247438761692,44.84752561238308,2025-11-01,11,4,fall,0,316776.0,370709.0,378852.0,0.1455381720837437,355445.6666666667,324147.5,1.0209127133354652,33735.50729325585,1081405.0,0.3355625320763266,194897.0,2592241.0,2451911.0,0.314253169622929,0.3352651238831575,0.0,9.538521104831087,0.7058661427087266,212962.66666666663,1.2027648038466836,0.8840190285582089,High,2251776.0,1827376.0,0.23224558054828345,6.2053081054566395
202512,일본,304959.0,917.63,62.05,177617,3169132,2451911,77.53941715204255,22.46058284795745,2025-12-01,12,4,winter,0,362879.0,316776.0,370709.0,-0.1596124327944025,350121.3333333333,336023.0,0.8710094786188407,29142.07724808441,1036549.0,0.2942060626173968,256144.0,3461329.0,2451911.0,-0.3065736460740833,-0.0844175748679192,0.0,10.39199367783866,0.5824291134218043,220374.66666666663,0.8059773960709338,0.6094902749920693,High,1883581.0,2251776.0,-0.16351315583788084,6.176505694208074
202601,일본,225351.0,932.89,61.97,195360,2973268,2451911,82.02356026065006,17.97643973934994,2026-01-01,1,1,winter,0,304959.0,362879.0,316776.0,-0.2610449273508898,328204.6666666667,338992.8333333333,0.6866172936805692,30604.614298064906,924755.0,0.2436872468924201,177617.0,3169132.0,2451911.0,0.0998947172849445,-0.0618036736873061,0.0,13.193941895088107,0.8669142803892594,209552.66666666663,0.9322716007749842,0.6636244967246321,High,1463127.0,1883581.0,-0.22322055701347593,6.492658119999468
202602,일본,232835.0,913.38,68.4,159821,3078786,2451911,75.15353592311558,24.846464076884416,2026-02-01,2,1,winter,0,225351.0,304959.0,362879.0,0.033210413976419,297729.6666666667,326587.6666666667,0.7820349332560074,69048.426059783,1048888.0,0.2219827093073807,195360.0,2973268.0,2451911.0,-0.1819154381654381,0.0354888963927906,0.0,13.223037773530612,0.6864131251744798,209707.0,0.7621157138292951,0.4764548461244019,High,1530809.0,1463127.0,0.046258458766737266,6.574651577297228
202603,일본,481789.0,946.73,128.52,184618,3051763,2451911,80.52566744066891,19.47433255933109,2026-03-01,3,1,spring,1,232835.0,225351.0,304959.0,1.0692292825391372,254381.66666666663,302251.5,1.8939611738267303,43960.80696863196,1386767.0,0.3474188526262883,159821.0,3078786.0,2451911.0,0.1551548294654645,-0.0087771608679524,0.0,6.334231375145551,0.3831926424223052,177599.33333333334,1.039519667866621,0.9847296554538936,High,2943663.0,1530809.0,0.9229459717051572,6.109859295251656
202604,일본,304053.0,920.58,105.7,137798,4347024,2451911,78.72811718470882,21.27188281529118,2026-04-01,4,2,spring,1,481789.0,232835.0,225351.0,-0.3689083810547771,313325.0,320764.8333333333,0.9704077236096704,145942.08452670526,1315449.0,0.2311400898096391,184618.0,3051763.0,2451911.0,-0.2536047405995081,0.4244304030162237,0.0,14.296928496018786,0.4532038822179028,179933.0,0.7658295032039704,0.5468655370794174,High,2050604.0,2943663.0,-0.30338357345932604,6.744232091115694
201811,중국,404256.0,161.73,65.56,10852,6820,74827,60.87824351297405,39.12175648702595,2018-11-01,11,4,fall,0,,,,,,,,,924065.0,0.4374757186994421,,,,,,,0.0168704979023193,0.0268443758410512,,,0.379549410198596,Medium,1049124.0,,,2.595197102825932
201812,중국,416279.0,162.76,57.32,12905,19,74827,69.1533948030176,30.846605196982395,2018-12-01,12,4,winter,0,404256.0,,,0.0297410551729597,,,,,892677.0,0.4663265660479658,10852.0,6820.0,74827.0,0.1891817176557316,-0.9972140762463344,0.0,4.564246575013392e-05,0.0310008431844988,,,0.5641338003418275,High,1030999.0,1049124.0,-0.017276318147330536,2.476701923469596
201901,중국,392814.0,165.89,59.09,15961,148,74827,17.195253505933117,82.80474649406688,2019-01-01,1,1,winter,0,416279.0,404256.0,,-0.0563684452014153,,,,,785927.0,0.4998097787708018,12905.0,19.0,74827.0,0.2368074389771406,6.789473684210527,0.0,0.0003767686487752,0.0406324621831197,,,0.5790293849909838,Medium,892521.0,1030999.0,-0.1343143882777772,2.2721211565779225
201902,중국,453379.0,167.14,64.59,9164,1154,74827,63.41730558598029,36.58269441401972,2019-02-01,2,1,winter,0,392814.0,416279.0,404256.0,0.1541823865748166,404449.6666666667,,1.120977558806246,11733.698749044714,870182.0,0.5210162931432735,15961.0,148.0,74827.0,-0.4258505106196353,6.797297297297297,0.0,0.0025453318305435,0.0202126697531204,13239.333333333334,0.6921798680698927,0.4885614059507082,Medium,852773.0,892521.0,-0.04453452635848344,1.8809274359862278
201903,중국,487623.0,168.74,66.94,12128,141,74827,55.44554455445545,44.55445544554456,2019-03-01,3,1,spring,1,453379.0,392814.0,416279.0,0.0755306266942227,420824.0,,1.1587338174628825,30537.232602185813,1091595.0,0.446706883047284,9164.0,1154.0,74827.0,0.3234395460497599,-0.8778162911611785,0.0,0.0002891578124903,0.0248716734034284,12676.666666666666,0.9567183802261372,0.4388698428720771,Medium,1030270.0,852773.0,0.20814097069208334,2.112841272868589
201904,중국,493250.0,171.93,70.94,13817,3560,74827,65.03972758229285,34.96027241770715,2019-04-01,4,2,spring,1,487623.0,453379.0,392814.0,0.0115396525594567,444605.3333333333,,1.109410893256641,48009.57758961574,1075042.0,0.4588192833396277,12128.0,141.0,74827.0,0.1392645118733509,24.24822695035461,0.0,0.0072174353775975,0.0280121642169285,12417.666666666666,1.1126889109601912,0.455306521047312,Medium,1246067.0,1030270.0,0.2094567443485688,2.5262382159148506
201905,중국,500413.0,171.77,69.38,15007,933,724133,64.23919478981645,35.76080521018354,2019-05-01,5,2,spring,1,493250.0,487623.0,453379.0,0.0145220476431829,478084.0,441266.8333333333,1.046705181516219,21579.354740121435,1041306.0,0.4805628700881393,13817.0,3560.0,74827.0,0.0861257870738944,-0.7379213483146068,8.677429270183223,0.0018644599560762,0.0299892288969311,11703.0,1.2823207724515082,0.6271516079314183,High,1379706.0,1246067.0,0.1072486471433719,2.757134606814771
201906,중국,475007.0,168.08,61.78,9520,1087,724133,74.24242424242425,25.75757575757576,2019-06-01,6,2,summer,0,500413.0,493250.0,487623.0,-0.0507700639271961,493762.0,457293.0,0.9620161130261138,6410.353578391869,1043046.0,0.4554036926463454,15007.0,933.0,724133.0,-0.3656293729592856,0.165058949624866,0.0,0.0022883873290288,0.0200418099101697,13650.666666666666,0.6974018362961516,0.441477265074765,Medium,1264342.0,1379706.0,-0.08361491506161457,2.6617334060340165
201907,중국,519132.0,171.57,63.28,11675,944,724133,69.4055944055944,30.5944055944056,2019-07-01,7,3,summer,0,475007.0,500413.0,493250.0,0.09289336788721,489556.6666666667,467081.0,1.060412482041575,13099.493972414926,1064013.0,0.4879000538527255,9520.0,1087.0,724133.0,0.2263655462184874,-0.1315547378104875,0.0,0.0018184199779632,0.022489463180848,12781.333333333334,0.9134414771541832,0.678591246983936,High,1240960.0,1264342.0,-0.01849341396552515,2.3904517540818135
201908,중국,578112.0,169.48,59.13,11023,2249,724133,72.65774378585085,27.342256214149145,2019-08-01,8,3,summer,0,519132.0,475007.0,500413.0,0.1136127227757102,498184.0,488134.0,1.1604387134070946,22146.78841276996,1169581.0,0.494289835419693,11675.0,944.0,724133.0,-0.0558458244111349,1.382415254237288,0.0,0.0038902496402081,0.0190672395660356,12067.333333333334,0.913457820009944,0.6364847501388878,High,1181547.0,1240960.0,-0.047876643888602376,2.04380293091996
201909,중국,541350.0,168.52,61.13,11768,1076,724133,79.27419354838709,20.7258064516129,2019-09-01,9,3,fall,1,578112.0,519132.0,475007.0,-0.0635897542344735,524083.6666666667,508922.8333333333,1.0329457573886105,51730.54714898475,1031957.0,0.5245858112305067,11023.0,2249.0,724133.0,0.0675859566361244,-0.5215651400622499,0.0,0.0019876235337581,0.0217382469751547,10739.333333333334,1.0957849649264386,0.6064044540930371,High,1081016.0,1181547.0,-0.08508421586276298,1.9968892583356423
201910,중국,567695.0,165.45,59.39,78983,34770,724133,83.23368528177076,16.766314718229232,2019-10-01,10,4,fall,1,541350.0,578112.0,519132.0,0.0486653736030294,546198.0,517877.3333333333,1.039357522363685,29787.370276679343,1110823.0,0.5110580173438972,11768.0,1076.0,724133.0,5.711675730795378,31.31412639405205,0.0,0.0612476770096618,0.139129285972221,11488.666666666666,6.874862183020949,0.5729706869489406,High,1358639.0,1081016.0,0.25681673536746913,2.3932551810391143
201911,중국,505369.0,167.87,61.99,77945,32332,724133,81.23189510596127,18.768104894038725,2019-11-01,11,4,fall,0,567695.0,541350.0,578112.0,-0.1097878262094963,562385.6666666666,530284.8333333334,0.898616429887675,18947.372544322167,1006970.0,0.5018709594128922,78983.0,34770.0,724133.0,-0.013142068546396,-0.0701179177451826,0.0,0.0639770148149174,0.1542338370576746,33924.666666666664,2.297590740267652,0.6391431861450189,High,1153663.0,1358639.0,-0.15086862661825548,2.2828131523698527
201912,중국,508877.0,165.74,64.91,100000,29080,724133,77.28507770894468,22.71492229105532,2019-12-01,12,4,winter,0,505369.0,567695.0,541350.0,0.006941462574871,538138.0,531110.8333333334,0.9456254715333242,31286.90264311889,1003750.0,0.5069758405977584,77945.0,32332.0,724133.0,0.2829559304637886,-0.1005814672770011,0.0,0.0571454398607129,0.1965111411991502,56232.0,1.778346848769384,0.5832518609354287,High,1190327.0,1153663.0,0.031780511293159265,2.3391251717016095
202001,중국,481681.0,169.55,64.32,95746,37814,724133,55.730960581706846,44.26903941829315,2020-01-01,1,1,winter,0,508877.0,505369.0,567695.0,-0.0534431699605209,527313.6666666666,536755.8333333334,0.9134620064844392,35015.21922440773,930221.0,0.5178135088328473,100000.0,29080.0,724133.0,-0.04254,0.3003438789546079,0.0,0.0785042382821826,0.1987747077422609,85642.66666666667,1.117970793374019,0.6212258519703533,High,899249.0,1190327.0,-0.2445361652722319,1.8668973864445557
202002,중국,104086.0,173.08,54.23,105586,43980,724133,24.95382275180182,75.04617724819819,2020-02-01,2,1,winter,0,481681.0,508877.0,505369.0,-0.7839109286021246,498642.3333333333,530514.0,0.2087387954091343,14793.29704066438,431732.0,0.2410893795224815,95746.0,37814.0,724133.0,0.102771917364694,0.1630613000476014,0.0,0.4225352112676056,1.0144111600023058,91230.33333333331,1.1573562886613005,0.2658518504957137,Low,316394.0,899249.0,-0.6481575181067758,3.0397363718463577
202003,중국,16595.0,172.43,33.71,115548,15632,724133,15.829562113582766,84.17043788641723,2020-03-01,3,1,spring,1,104086.0,481681.0,508877.0,-0.8405645331744903,364881.3333333333,451509.6666666667,0.0454805397919323,226264.358705328,36359.0,0.4564206936384389,105586.0,43980.0,724133.0,0.0943496296857537,-0.6445657116871305,0.0,0.9419704730340464,6.962820126544139,100444.0,1.1503723467802955,0.5948659275876532,High,128741.0,316394.0,-0.5930991106026031,7.757818620066285
202004,중국,3935.0,172.83,20.39,91332,20147,724133,36.51668197122743,63.48331802877257,2020-04-01,4,2,spring,1,16595.0,104086.0,481681.0,-0.7628803856583308,200787.3333333333,364050.5,0.019597849797962,247163.1197212345,10902.0,0.3609429462483948,115548.0,15632.0,724133.0,-0.2095752414580953,0.2888306038894575,0.0,5.11994917407878,23.21016518424397,105626.66666666669,0.8646680131279979,0.4506140968496889,High,125651.0,128741.0,-0.024001677787185125,31.93163913595934
202005,중국,5124.0,172.63,30.47,84033,20872,1038997,35.4837155521295,64.5162844478705,2020-05-01,5,2,spring,1,3935.0,16595.0,104086.0,0.3021601016518424,41538.66666666666,270090.5,0.1233549463953264,54536.18597164005,14485.0,0.3537452537107352,91332.0,20147.0,724133.0,-0.0799172250689791,0.0359855065270263,0.4348151513603164,4.073380171740827,16.399882903981265,104155.33333333331,0.8068045803383409,0.5643119371533966,Medium,146681.0,125651.0,0.16736834565582448,28.626268540202968
202006,중국,5051.0,169.66,40.8,73075,79692,1038997,35.73471695603006,64.26528304396993,2020-06-01,6,2,summer,0,5124.0,3935.0,16595.0,-0.0142466822794691,8551.333333333334,186716.3333333333,0.5906681219303033,6991.341812077778,15568.0,0.3244475847893114,84033.0,20872.0,1038997.0,-0.130401151928409,2.818129551552319,0.0,15.77746980795882,14.46743219164522,96971.0,0.7535758113250354,0.3358131432333318,Medium,147330.0,146681.0,0.004424567599075545,29.168481488814095
202007,중국,9738.0,170.26,43.3,87381,25730,1038997,58.50088704908338,41.49911295091662,2020-07-01,7,3,summer,0,5051.0,5124.0,3935.0,0.9279350623638885,4703.333333333333,102745.33333333331,2.070446491849752,666.3965285824222,22798.0,0.4271427318185806,73075.0,79692.0,1038997.0,0.1957714676702018,-0.6771319580384481,0.0,2.6422263298418565,8.973197781885398,82813.33333333333,1.0551561745290614,0.6892188283466153,High,164900.0,147330.0,0.11925609176678205,16.933661942904088
202008,중국,16275.0,172.31,44.0,92823,157856,1038997,58.47336941042438,41.52663058957562,2020-08-01,8,3,summer,0,9738.0,5051.0,5124.0,0.6712877387553913,6637.666666666667,24088.166666666668,2.4519158338773663,2685.215509657809,31740.0,0.5127599243856332,87381.0,25730.0,1038997.0,0.062278985134068,5.135095219588029,0.0,9.699293394777266,5.703410138248848,81496.33333333333,1.138983757960481,0.6384762479003616,High,155748.0,164900.0,-0.05550030321406913,9.569769585253455
202009,중국,15307.0,171.9,41.51,107024,117149,1038997,59.50508788159112,40.49491211840888,2020-09-01,9,3,fall,1,16275.0,9738.0,5051.0,-0.0594777265745007,10354.666666666666,9453.0,1.4782706670100438,5637.353309249575,28971.0,0.5283559421490456,92823.0,157856.0,1038997.0,0.152990099436562,-0.2578742651530509,0.0,7.653295877703012,6.9918338015287125,84426.33333333333,1.2676613536850667,0.7421675677641847,High,154211.0,155748.0,-0.009868505534581504,10.074541059645913
202010,중국,11477.0,168.81,40.67,115313,51776,1038997,34.20278375014145,65.79721624985855,2020-10-01,10,4,fall,1,15307.0,16275.0,9738.0,-0.2502123211602535,13773.333333333334,9238.333333333334,0.8332768635043563,3528.057869892076,25128.0,0.4567414836039478,107024.0,117149.0,1038997.0,0.0774499177754522,-0.5580329324193976,0.0,4.511283436438093,10.047312015335018,95742.66666666669,1.2044055593465817,0.5232772916497304,Medium,173814.0,154211.0,0.12711803956916173,15.144549969504226
202011,중국,9174.0,168.02,43.42,101882,41210,1038997,23.897374859485552,76.10262514051445,2020-11-01,11,4,fall,0,11477.0,15307.0,16275.0,-0.2006621939531236,14353.0,10495.333333333334,0.6391695116003623,2537.279645599617,23916.0,0.3835925740090316,115313.0,51776.0,1038997.0,-0.1164742917103882,-0.2040713844252163,0.0,4.492042729452802,11.105515587529975,105053.33333333331,0.9698121589034142,0.3518392248183445,Medium,161230.0,173814.0,-0.07239923136226081,17.574667538696314
202012,중국,7987.0,166.96,49.84,93076,19855,1038997,32.65080651101127,67.34919348898873,2020-12-01,12,4,winter,0,9174.0,11477.0,15307.0,-0.1293873991715718,11986.0,11170.333333333334,0.6663607542132488,3098.0208198096293,21363.0,0.3738707110424565,101882.0,41210.0,1038997.0,-0.0864333248267603,-0.5181994661489929,0.0,2.4859146112432704,11.653436834856642,108073.0,0.8612326853145559,0.5729896021110319,High,132441.0,161230.0,-0.17855858090926005,16.582070865155877
202101,중국,7346.0,0.0,54.82,63676,6893,1038997,31.98941895466569,68.0105810453343,2021-01-01,1,1,winter,0,7987.0,9174.0,11477.0,-0.0802554150494553,9546.0,11659.666666666666,0.7695369788393044,1774.489504047215,20972.0,0.3502765592218195,93076.0,19855.0,1038997.0,-0.3158709011990201,-0.6528330395366406,0.0,0.9383337870950176,8.66811870405663,103423.66666666669,0.6156811303666794,0.3315619350612435,Medium,99190.0,132441.0,-0.2510627373698477,13.50258644160087
202102,중국,11982.0,171.86,60.89,55018,22761,1038997,27.718832891246688,72.28116710875332,2021-02-01,2,1,winter,0,7346.0,7987.0,9174.0,0.6310917506125783,8169.0,11261.0,1.4667645978699964,927.4907007477864,25486.0,0.4701404692772502,63676.0,6893.0,1038997.0,-0.1359695960801558,2.302045553460032,0.0,1.899599399098648,4.591720914705391,86211.33333333333,0.6381759552108385,0.5790075244020614,High,93670.0,99190.0,-0.05565077124710152,7.817559672842597
202103,중국,18980.0,172.35,64.44,66499,30721,1038997,40.72759538598048,59.27240461401952,2021-03-01,3,1,spring,1,11982.0,7346.0,7987.0,0.5840427307628109,9105.0,10545.5,2.084568918176826,2512.084194443669,32665.0,0.581050053574162,55018.0,22761.0,1038997.0,0.2086771602021156,0.3497210140152014,0.0,1.6185985247629082,3.5036354056902,70590.0,0.9420456155262784,0.6917392979753764,High,120654.0,93670.0,0.2880751574677058,6.356902002107481
202104,중국,16830.0,171.2,62.92,99197,41869,1038997,40.74101033629349,59.25898966370651,2021-04-01,4,2,spring,1,18980.0,11982.0,7346.0,-0.113277133825079,12769.333333333334,11157.666666666666,1.318001461835648,5856.825875276413,30962.0,0.5435695368516246,66499.0,30721.0,1038997.0,0.4917066422051459,0.3628788125386543,0.0,2.4877599524658347,5.894058229352347,61731.0,1.6069235878245938,0.6406025364110888,High,114877.0,120654.0,-0.047880716760322906,6.825727866904337
202105,중국,14221.0,175.22,66.34,81690,30997,853921,55.4647265593068,44.53527344069321,2021-05-01,5,2,spring,1,16830.0,18980.0,11982.0,-0.1550207961972667,15930.666666666666,12049.833333333334,0.8926807833947105,3584.6340584929417,33346.0,0.4264679421819708,99197.0,41869.0,1038997.0,-0.1764871921529885,-0.2596670567723136,-0.1781294844932179,2.179663877364461,5.744321777652767,73571.33333333333,1.1103509519106174,0.3877320607577076,Low,118536.0,114877.0,0.03185145851650026,8.335278813022994
202106,중국,12942.0,174.84,71.6,74960,33379,853921,51.37335599892637,48.62664400107363,2021-06-01,6,2,summer,0,14221.0,16830.0,18980.0,-0.0899374164967301,16677.0,12891.0,0.7760388559093362,2383.1863124762835,32330.0,0.4003093102381689,81690.0,30997.0,853921.0,-0.0823846248010772,0.0768461464012646,0.0,2.5791222376757843,5.791995054860145,82462.0,0.909024762921103,0.5204479321465383,High,113561.0,118536.0,-0.041970371870149153,8.774609797558337
202107,중국,13469.0,177.12,72.93,79119,165222,853921,53.09250136836344,46.90749863163656,2021-07-01,7,3,summer,0,12942.0,14221.0,16830.0,0.040720135991346,14664.333333333334,13716.833333333334,0.9184870320278226,1981.5509918514551,36523.0,0.3687813158831421,74960.0,33379.0,853921.0,0.055482924226254,3.949878666227269,0.0,12.266834954339595,5.874155468111961,85282.33333333333,0.9277302450292558,0.3682597523644698,Medium,104765.0,113561.0,-0.07745616893123519,7.778231494543025
202108,중국,17103.0,180.09,69.5,82550,34748,853921,59.45888186014703,40.54111813985297,2021-08-01,8,3,summer,0,13469.0,12942.0,14221.0,0.2698047368030292,13544.0,14737.333333333334,1.2627731836975782,642.7900123477887,40720.0,0.4200147347740668,79119.0,165222.0,853921.0,0.0433650576978981,-0.7896890244640544,0.0,2.0316903467227974,4.826638601414956,78589.66666666667,1.050392545245558,0.4381995443437362,Low,117076.0,104765.0,0.1175106190044385,6.845348769221774
202109,중국,19144.0,183.03,72.63,77337,16449,853921,72.31694631631315,27.68305368368685,2021-09-01,9,3,fall,1,17103.0,13469.0,12942.0,0.1193357890428579,14504.666666666666,15590.833333333334,1.3198510824102587,2265.598007879481,39934.0,0.4793909951419843,82550.0,34748.0,853921.0,-0.0631496062992126,-0.5266202371359503,0.0,0.8592248223986627,4.039751358127873,78876.33333333333,0.980484217910738,0.6662523618512095,High,129374.0,117076.0,0.10504287813044517,6.757939824488091
202110,중국,14035.0,183.08,81.61,73197,25904,853921,72.57620314615133,27.42379685384867,2021-10-01,10,4,fall,1,19144.0,17103.0,13469.0,-0.2668721270371918,16572.0,15618.166666666666,0.8469104513637461,2874.522047223554,37337.0,0.3759005811929185,77337.0,16449.0,853921.0,-0.0535319446060747,0.5748069791476685,0.0,1.8456715354470965,5.215318845742786,79668.66666666667,0.9187677296804264,0.2928969599276597,Low,144808.0,129374.0,0.11929754046408088,10.317634485215532
202111,중국,12472.0,186.8,80.3,72207,60069,853921,72.01348747591521,27.986512524084777,2021-11-01,11,4,fall,0,14035.0,19144.0,17103.0,-0.1113644460277876,16760.666666666668,15152.333333333334,0.7441231454596078,2571.6462302011223,34712.0,0.3592993777368057,73197.0,25904.0,853921.0,-0.0135251444731341,1.318908276714021,0.0,4.816308531109685,5.789528543938422,77694.66666666667,0.9293688112440148,0.2931142303166981,Low,135832.0,144808.0,-0.061985525661565656,10.890955740859525
202112,중국,11691.0,186.26,73.21,73151,13716,853921,72.55800898203593,27.441991017964074,2021-12-01,12,4,winter,0,12472.0,14035.0,19144.0,-0.0626202694034637,15217.0,14860.833333333334,0.7682854701978051,3489.5184481492856,29906.0,0.3909248980137765,72207.0,60069.0,853921.0,0.0130735247275194,-0.7716625880237726,0.0,1.1732101616628174,6.257035326319391,74247.0,0.9852384608132316,0.5934503003890721,High,112026.0,135832.0,-0.1752606160551269,9.582242750833975
202201,중국,9489.0,189.34,83.47,84145,21046,853921,78.13117926711263,21.86882073288737,2022-01-01,1,1,winter,0,11691.0,12472.0,14035.0,-0.1883500128303823,12732.666666666666,14652.333333333334,0.7452484423268234,1193.542765596337,26606.0,0.3566488761933398,73151.0,13716.0,853921.0,0.1502918620387964,0.5344123651210265,0.0,2.2179365581199284,8.867636210348826,72851.66666666667,1.1550181876415546,0.4161219344677968,Low,94031.0,112026.0,-0.16063235320372057,9.909474127937612
202202,중국,16752.0,190.41,92.36,46857,9032,853921,69.43913320586361,30.560866794136395,2022-02-01,2,1,winter,0,9489.0,11691.0,12472.0,0.7654125829908315,11217.333333333334,13989.0,1.493403066682515,1546.8814865099528,36660.0,0.4569558101472995,84145.0,21046.0,853921.0,-0.4431398181710143,-0.5708448161170768,0.0,0.5391595033428844,2.797098853868195,76501.0,0.612501797362126,0.4984016918726708,Medium,94483.0,94031.0,0.00480692537567398,5.6401026743075455
202203,중국,14726.0,190.02,110.93,54349,25204,853921,71.58199907755156,28.41800092244845,2022-03-01,3,1,spring,1,16752.0,9489.0,11691.0,-0.1209407831900668,12644.0,13930.5,1.164663081303385,3724.1037848016554,33651.0,0.4376095806959674,46857.0,9032.0,853921.0,0.159890731374181,1.7905225863596104,0.0,1.7115306261034904,3.690683145457015,68051.0,0.7986510117411941,0.5516676683053041,High,142090.0,94483.0,0.5038684207741075,9.64892027706098
202204,중국,10230.0,192.03,102.82,54359,99617,853921,69.24541607898449,30.75458392101552,2022-04-01,4,2,spring,1,14726.0,16752.0,9489.0,-0.3053103354610892,13655.666666666666,13194.166666666666,0.7491395513462055,3747.9330748170273,43988.0,0.2325634263890152,54349.0,25204.0,853921.0,0.0001839960256858,2.952428186002222,0.0,9.737732160312806,5.313685239491691,61783.66666666666,0.879828002007003,0.1950289653388911,Low,148356.0,142090.0,0.044098810612991764,14.502052785923754
202205,중국,11253.0,186.4,108.16,56504,80365,840302,69.26960619320094,30.730393806799057,2022-05-01,5,2,spring,1,10230.0,14726.0,16752.0,0.1,13902.666666666666,12560.0,0.8094130622422557,3338.04273988627,58537.0,0.1922373883184994,54359.0,99617.0,853921.0,0.039459887047223,-0.1932601865143499,-0.0159487821472946,7.141651115258154,5.021238780769573,51855.0,1.0896538424452802,0.1703179976318888,Low,164009.0,148356.0,0.10550971986303216,14.574691193459522
202206,중국,12741.0,192.75,113.27,71383,14435174,840302,72.93354943273907,27.06645056726094,2022-06-01,6,2,summer,0,11253.0,10230.0,14726.0,0.1322314049586777,12069.666666666666,12356.833333333334,1.055621530558701,2356.631565032451,75710.0,0.1682868841632545,56504.0,80365.0,840302.0,0.2633264901599886,178.62015802899273,0.0,1132.970253512283,5.602621458284279,55070.66666666666,1.2962072972907537,0.3784811602589394,High,160429.0,164009.0,-0.02182807041077014,12.591554823012322
202207,중국,17907.0,193.35,103.14,64947,9403006,840302,71.25519003513254,28.744809964867457,2022-07-01,7,3,summer,0,12741.0,11253.0,10230.0,0.4054626795384977,11408.0,12531.833333333334,1.56968793828892,1262.6555349634823,86631.0,0.2067042975378328,71383.0,14435174.0,840302.0,-0.090161523051707,-0.3486045959681539,0.0,525.1022505165578,3.6269056793432735,60748.66666666666,1.0691098844419082,0.501556494256668,High,170694.0,160429.0,0.06398469104712988,9.532249958116937
202208,중국,30248.0,194.84,96.63,62018,596952,840302,66.38079923768686,33.61920076231314,2022-08-01,8,3,summer,0,17907.0,12741.0,11253.0,0.6891718322443737,13967.0,13934.833333333334,2.165676236843989,3492.310982712465,113473.0,0.2665656147277326,64947.0,9403006.0,840302.0,-0.0450983109304509,-0.9365147698512584,0.0,19.73525522348585,2.0503173763554616,64278.0,0.9648402252714772,0.4266866854069241,Medium,191904.0,170694.0,0.1242574431438715,6.3443533456757475
202209,중국,29531.0,199.66,90.95,58385,89995,840302,70.29933679870945,29.70066320129056,2022-09-01,9,3,fall,1,30248.0,17907.0,12741.0,-0.0237040465485321,20298.666666666668,16184.166666666666,1.4548246190225955,8995.210633070685,125306.0,0.235671077203007,62018.0,596952.0,840302.0,-0.0585797671643716,-0.8492424851579357,0.0,3.047475534184416,1.977074938200535,66116.0,0.8830691511888197,0.1998928037216227,Low,265257.0,191904.0,0.3822379939969985,8.982323659882836
202210,중국,22940.0,195.94,91.16,69861,168697,840302,51.30822195220737,48.691778047792624,2022-10-01,10,4,fall,1,29531.0,30248.0,17907.0,-0.2231891910196065,25895.33333333333,18651.666666666668,0.8858739026336793,6927.382213600482,186233.0,0.1231790284213861,58385.0,89995.0,840302.0,0.1965573349319174,0.8745152508472693,0.0,7.353836094158675,3.04537925021796,61783.333333333336,1.1307418397626112,0.10400174724653,Low,301660.0,265257.0,0.13723671759840456,13.149956408020925
202211,중국,24174.0,184.64,86.26,102879,75878,840302,65.00259432214068,34.99740567785931,2022-11-01,11,4,fall,0,22940.0,29531.0,30248.0,0.0537925021795989,27573.0,20770.0,0.8767272331628767,4028.279905862437,184092.0,0.1313147773939117,69861.0,168697.0,840302.0,0.4726242109331386,-0.5502113256311612,0.0,3.1388268387523786,4.255770662695458,63421.333333333336,1.6221513265778076,0.1953320434663338,Low,286551.0,301660.0,-0.05008618975004973,11.853685778108712
202212,중국,27367.0,181.44,77.22,34781,40872,840302,58.28638248113107,41.71361751886893,2022-12-01,12,4,winter,0,24174.0,22940.0,29531.0,0.1320840572515926,25548.33333333333,22923.5,1.0711853349859743,3503.8427951762146,231106.0,0.1184175226952134,102879.0,75878.0,840302.0,-0.6619232302024709,-0.4613458446453517,0.0,1.493477545949501,1.2709102203383638,77041.66666666667,0.4514570037858301,0.0719179908596327,Low,291405.0,286551.0,0.01693939298763571,10.648043263784851
202301,중국,24946.0,182.09,80.42,76741,115470,840302,67.99804269374273,32.00195730625726,2023-01-01,1,1,winter,0,27367.0,24174.0,22940.0,-0.0884642087185296,24827.0,25361.166666666668,1.004793168727595,2284.598214123194,217220.0,0.1148420955713102,34781.0,40872.0,840302.0,1.2064057962680774,1.8251614797416325,0.0,4.628798204120901,3.076284775114247,69173.66666666667,1.1093961574973137,0.1349546280305449,Low,232245.0,291405.0,-0.20301642044577134,9.309909404313316
202302,중국,45884.0,188.79,82.11,76137,36399,840302,86.40134663941325,13.598653360586749,2023-02-01,2,1,winter,0,24946.0,27367.0,24174.0,0.8393329591918544,25495.666666666668,26534.33333333333,1.799678376717612,1665.9568821876128,250688.0,0.1830322951238192,76741.0,115470.0,840302.0,-0.0078706297806908,-0.6847752663029358,0.0,0.7932830616336849,1.6593365879173567,71467.0,1.065344844473673,0.5108125220112647,High,211800.0,232245.0,-0.08803203513530969,4.615988144015343
202303,중국,73390.0,189.13,78.51,81670,56894,840302,89.30506963023942,10.694930369760582,2023-03-01,3,1,spring,1,45884.0,24946.0,27367.0,0.5994682242175922,32732.33333333333,29140.33333333333,2.242125523182989,11453.823044438428,442797.0,0.1657418636530961,76137.0,36399.0,840302.0,0.0726716314012897,0.5630649193659166,0.0,0.7752282327292547,1.1128219103420085,62553.0,1.305612840311416,0.3325199341339923,Medium,412163.0,211800.0,0.9460009442870633,5.616064858972612
202304,중국,105967.0,193.37,83.44,84996,71428,840302,85.20388474401852,14.796115255981476,2023-04-01,4,2,spring,1,73390.0,45884.0,24946.0,0.4438888131898079,48073.333333333336,36450.16666666666,2.2042781861045624,24296.09370522986,458419.0,0.2311575218304651,81670.0,56894.0,840302.0,0.0407248683727194,0.2554575174886631,0.0,0.6740589051308427,0.8020987665971482,78182.66666666667,1.087146341047461,0.6579058056853209,High,541488.0,412163.0,0.3137714933169644,5.109968197646437
202305,중국,128171.0,186.31,74.96,83778,80551,665872,78.21011673151752,21.78988326848249,2023-05-01,5,2,spring,1,105967.0,73390.0,45884.0,0.2095369313088037,75080.33333333333,50288.0,1.7071181534445328,30077.144850090284,509048.0,0.2517856862221244,84996.0,71428.0,840302.0,-0.0143300861216998,0.1277230217841742,-0.2075801319049579,0.6284650974089303,0.6536423996067753,80934.33333333333,1.0351354802041162,0.460637912391831,High,648854.0,541488.0,0.19827955559495317,5.062408813226081
202306,중국,168035.0,181.05,74.99,67802,58730,665872,83.16065573770491,16.839344262295082,2023-06-01,6,2,summer,0,128171.0,105967.0,73390.0,0.3110219940548174,102509.33333333331,67620.83333333333,1.6392165916599466,27553.694567758343,615164.0,0.2731548009961571,83778.0,80551.0,665872.0,-0.1906944543913676,-0.2708966989857357,0.0,0.3495105186419496,0.4034992709852114,83481.33333333333,0.8121815655396017,0.4766993459090881,Medium,722243.0,648854.0,0.11310556766237088,4.298170024102122
202307,중국,224805.0,178.49,80.45,68701,45812,665872,87.3934394028678,12.606560597132194,2023-07-01,7,3,summer,0,168035.0,128171.0,105967.0,0.3378462820245782,134057.66666666666,91065.5,1.6769275908626389,31449.941006833687,684189.0,0.3285714912107619,67802.0,58730.0,665872.0,0.0132591958939264,-0.21995572961008,0.0,0.2037855029914815,0.3056026333933854,78858.66666666667,0.8711914987150006,0.7265348367561179,High,829085.0,722243.0,0.14793082106714775,3.6880185049264917
202308,중국,259659.0,181.09,86.46,58344,31445,665872,82.78857869364835,17.211421306351646,2023-08-01,8,3,summer,0,224805.0,168035.0,128171.0,0.1550410355641556,173670.33333333334,124375.33333333331,1.4951258226793676,48562.84820038178,748247.0,0.3470231086793532,68701.0,45812.0,665872.0,-0.1507547197275149,-0.3136077883523968,0.0,0.121101136490551,0.2246946957355608,73427.0,0.794585098124668,0.6395900381349358,High,778253.0,829085.0,-0.061310963290856786,2.9972117276890073
202309,중국,263940.0,184.27,93.25,79104,307714,665872,86.44394110985277,13.556058890147224,2023-09-01,9,3,fall,1,259659.0,224805.0,168035.0,0.0164870079604404,217499.66666666663,160004.5,1.2135191011786992,46246.786540616304,733802.0,0.3596883082902472,58344.0,31445.0,665872.0,0.355820649938297,8.785784703450469,0.0,1.1658482988558003,0.2997044782905205,64949.0,1.2179402300266362,0.630100507708605,High,931159.0,778253.0,0.19647338333421135,3.5279192240660757
202310,중국,249483.0,184.51,89.75,52889,43831,665872,87.61114404267931,12.388855957320688,2023-10-01,10,4,fall,1,263940.0,259659.0,224805.0,-0.0547738122300522,249468.0,191762.8333333333,1.0000601279522825,21465.7731516943,758558.0,0.3288911329127107,79104.0,307714.0,665872.0,-0.3313991707119741,-0.8575592920699091,0.0,0.1756873213806151,0.2119944044283578,68716.33333333333,0.7696714512318761,0.430457191808946,Medium,1014755.0,931159.0,0.08977628954883109,4.06743144823495
202311,중국,221469.0,180.91,83.55,48313,44343,665872,82.60259110345268,17.397408896547322,2023-11-01,11,4,fall,0,249483.0,263940.0,259659.0,-0.1122882120224624,257694.0,215682.16666666663,0.8594262963049197,7426.111431967648,717482.0,0.3086753395904009,52889.0,43831.0,665872.0,-0.0865208266369188,0.0116812301795532,0.0,0.2002221529875513,0.2181479123489066,63445.66666666666,0.7614862060450674,0.4420766234450908,High,804157.0,1014755.0,-0.20753580913619543,3.6310138213474574
202312,중국,253675.0,180.84,77.33,36899,12064,665872,86.21409485637943,13.785905143620576,2023-12-01,12,4,winter,0,221469.0,249483.0,263940.0,0.1454199007536043,244964.0,231231.8333333333,1.0355603272317564,21593.11188782199,651245.0,0.3895231441316248,48313.0,44343.0,665872.0,-0.2362511125369983,-0.7279390208150103,0.0,0.0475569133734108,0.1454577707696856,60102.0,0.6139396359522146,0.6856947001608461,High,854467.0,804157.0,0.06256241007663926,3.368353207844683
202401,중국,280035.0,185.15,78.85,30670,19273,665872,79.0854145284525,20.914585471547497,2024-01-01,1,1,winter,0,253675.0,221469.0,249483.0,0.1039124864491968,241542.3333333333,245505.16666666663,1.159361988995718,17509.918598706634,604285.0,0.4634154413894106,36899.0,12064.0,665872.0,-0.1688121629312447,0.5975629973474801,0.0,0.0688235399146535,0.1095220240327101,46033.66666666666,0.666251511574862,0.5938766006312902,High,682203.0,854467.0,-0.20160404088162562,2.436134768868177
202402,중국,343719.0,184.86,80.88,28662,56019,665872,68.21501257033401,31.78498742966599,2024-02-01,2,1,winter,0,280035.0,253675.0,221469.0,0.2274144303390647,251726.3333333333,254710.16666666663,1.365447132401722,29331.58818293571,722487.0,0.4757442002416652,30670.0,19273.0,665872.0,-0.0654711444408216,1.9066050952109168,0.0,0.1629790613844448,0.0833878837073307,38627.333333333336,0.7420134274520632,0.5231601885189167,High,693025.0,682203.0,0.01586331341257661,2.0162545567745744
202403,중국,391347.0,185.75,84.18,45778,93595,665872,82.52871943054478,17.47128056945521,2024-03-01,3,1,spring,1,343719.0,280035.0,253675.0,0.1385666780131444,292476.3333333333,268720.1666666667,1.3380467251481318,46293.31015744433,1014857.0,0.3856178752277414,28662.0,56019.0,665872.0,0.597166980671272,0.6707724165015441,0.0,0.2391611536564736,0.1169754718957855,32077.0,1.4271284721139756,0.4251037192636503,Medium,922329.0,693025.0,0.33087406659211427,2.3568061081342133
202404,중국,411331.0,190.05,89.17,64932,109294,665872,77.50829889573878,22.49170110426123,2024-04-01,4,2,spring,1,391347.0,343719.0,280035.0,0.0510646561746991,338367.0,289954.6666666667,1.2156356855130672,55848.663941047016,923571.0,0.4453701989343537,45778.0,93595.0,665872.0,0.4184105902398532,0.1677333190875581,0.0,0.2657081523152886,0.1578582698605259,35036.666666666664,1.853258491104557,0.6541748307020441,High,1109253.0,922329.0,0.20266520948598601,2.696740581186441
202405,중국,395222.0,189.18,84.04,45710,154695,662081,80.97898599066043,19.02101400933956,2024-05-01,5,2,spring,1,411331.0,391347.0,343719.0,-0.0391631070840758,382132.3333333333,316929.3333333333,1.0342542766598308,34735.11475917906,959085.0,0.4120823493225313,64932.0,109294.0,665872.0,-0.2960327727468737,0.4154024923600564,-0.0056932863973856,0.3914129274180081,0.1156565170967203,46457.333333333336,0.983913555089975,0.4390374035698169,High,1141338.0,1109253.0,0.028924871061876776,2.8878402518078445
202406,중국,397325.0,190.43,82.56,63866,160337,662081,83.03535312676968,16.964646873230322,2024-06-01,6,2,summer,0,395222.0,411331.0,391347.0,0.0053210600624459,399300.0,345888.1666666667,0.995053844227398,10597.765188944612,1006181.0,0.3948842206322719,45710.0,154695.0,662081.0,0.3971997374753883,0.0364717670254371,0.0,0.4035411816522997,0.1607399484049581,52140.0,1.2248945147679324,0.5239617726806214,High,1140263.0,1141338.0,-0.0009418769899889428,2.8698496193292646
202407,중국,459069.0,190.39,83.83,63882,286583,662081,83.32409204324924,16.675907956750763,2024-07-01,7,3,summer,0,397325.0,395222.0,411331.0,0.1553992323664506,401292.6666666667,369829.8333333333,1.143975552340021,8756.811881806048,1023922.0,0.4483437214944107,63866.0,160337.0,662081.0,0.0002505245357467,0.7873790828068381,0.0,0.6242699899143702,0.1391555517797978,58169.333333333336,1.0982075320329154,0.7183969336651529,High,1217004.0,1140263.0,0.067301140175556,2.651026316305392
202408,중국,505559.0,187.56,77.6,47930,151202,662081,82.0857041251778,17.91429587482219,2024-08-01,8,3,summer,0,459069.0,397325.0,395222.0,0.1012701794283648,417205.3333333333,399668.8333333333,1.211775017257689,36270.243896799766,1141680.0,0.4428202298367318,63882.0,286583.0,662081.0,-0.2497104035565574,-0.4723971763852008,0.0,0.2990788414408605,0.0948059474759622,57819.333333333336,0.8289614777064188,0.5031498839794155,High,1183588.0,1217004.0,-0.027457592579810747,2.3411471262503487
202409,중국,422809.0,188.74,73.52,89835,203795,662081,84.45957303748528,15.540426962514708,2024-09-01,9,3,fall,1,505559.0,459069.0,397325.0,-0.1636802034975146,453984.3333333333,426642.1666666667,0.9313294952175296,54295.85679711981,1009319.0,0.4189052222340013,47930.0,151202.0,662081.0,0.8742958481118297,0.3478327006256531,0.0,0.4820025117724552,0.2124718253395741,58559.333333333336,1.5340850874896117,0.5518170727760763,High,1338010.0,1183588.0,0.13046938630672159,3.164573128764998
202410,중국,392230.0,193.56,74.94,74485,354321,662081,84.0518885921404,15.948111407859594,2024-10-01,10,4,fall,1,422809.0,505559.0,459069.0,-0.0723234368237194,462479.0,431885.8333333333,0.8481033733423572,41480.25674944658,1042520.0,0.3762325902620573,89835.0,203795.0,662081.0,-0.1708688150498135,0.7386147844647808,0.0,0.9033500752109732,0.1899013334013206,67215.66666666667,1.108149389775201,0.457105347491705,Medium,1426770.0,1338010.0,0.06633732184363346,3.637585090380644
202411,중국,297840.0,192.42,72.61,55443,502593,662081,83.83339663248512,16.166603367514874,2024-11-01,11,4,fall,0,392230.0,422809.0,505559.0,-0.2406496188460852,440199.3333333333,428702.3333333333,0.6766025694420256,58631.76042328374,914291.0,0.3257606166964347,74485.0,354321.0,662081.0,-0.2556487883466469,0.4184679993565157,0.0,1.6874597099113615,0.1861502820306204,70750.0,0.7836466431095407,0.4410775942637653,High,1097982.0,1426770.0,-0.23044218759856178,3.6864826752618858
202412,중국,306787.0,201.27,73.23,47278,73957,662081,67.37881508078995,32.62118491921006,2024-12-01,12,4,winter,0,297840.0,392230.0,422809.0,0.0300396185871608,370959.6666666667,412472.0,0.8270090459070573,65143.17347453486,830588.0,0.3693612236150775,55443.0,502593.0,662081.0,-0.1472683657089263,-0.8528491244406508,0.0,0.2410695368447815,0.1541069210885728,73254.33333333333,0.6453952667191475,0.5126985146665411,High,1064818.0,1097982.0,-0.030204502441752233,3.4708706692265316
202501,중국,364460.0,197.26,80.41,50296,101498,662081,65.39859891815199,34.60140108184801,2025-01-01,1,1,winter,0,306787.0,297840.0,392230.0,0.1879903646503926,332285.6666666667,397382.3333333333,1.0968273282928245,52105.70531461351,793151.0,0.4595089711795105,47278.0,73957.0,662081.0,0.0638351876136892,0.3723920656597753,0.0,0.2784887230423091,0.1380014267683696,59068.66666666666,0.8514835840772886,0.6313167024977222,High,840639.0,1064818.0,-0.21053269197177357,2.306532952861768
202502,중국,340860.0,197.58,77.92,45594,51479,662081,77.59687950479098,22.403120495209023,2025-02-01,2,1,winter,0,364460.0,306787.0,297840.0,-0.0647533336991713,323029.0,381614.1666666667,1.055199378383984,36158.097613121325,788072.0,0.4325239318234882,50296.0,101498.0,662081.0,-0.0934865595673612,-0.4928077400539912,0.0,0.1510268145279586,0.1337616616792818,51005.66666666666,0.8939006777024775,0.5171248248596524,High,652257.0,840639.0,-0.2240938143483707,1.9135627530364372
202503,중국,416849.0,201.68,72.49,41406,36768,662081,73.79857256145917,26.201427438540843,2025-03-01,3,1,spring,1,340860.0,364460.0,306787.0,0.2229331690430088,337369.0,354164.3333333333,1.235587739241009,28994.55195377245,1116325.0,0.3734118648243119,45594.0,51479.0,662081.0,-0.0918541913409659,-0.2857670117912158,0.0,0.0882046016663108,0.0993309327838138,47722.66666666666,0.8676380196691998,0.4133077510400991,Medium,1217676.0,652257.0,0.8668653613529637,2.9211441073386286
202504,중국,443230.0,197.7,67.74,36356,62521,662081,75.62178685563428,24.378213144365706,2025-04-01,4,2,spring,1,416849.0,340860.0,364460.0,0.0632867057375692,374056.3333333333,353171.0,1.1849284733404684,38892.7916243273,1070718.0,0.4139558688655649,41406.0,36768.0,662081.0,-0.1219630005313239,0.7004188424717145,0.0,0.1410576901383029,0.0820251336777745,45765.333333333336,0.7944004195315231,0.5858471906806203,High,1360538.0,1217676.0,0.11732349163488481,3.0695981770187037
202505,중국,484390.0,191.88,63.73,37502,130911,446904,71.57353628413111,28.426463715868884,2025-05-01,5,2,spring,1,443230.0,416849.0,340860.0,0.0928637501974144,400313.0,361671.0,1.2100281529703008,53150.575697728906,1109975.0,0.4363972161535169,36356.0,62521.0,662081.0,0.0315216195401034,1.0938724588538251,-0.3250010195127182,0.2702595016412395,0.0774210863147463,41118.66666666666,0.9120431920619996,0.5907841893655115,High,1427270.0,1360538.0,0.04904824415047577,2.9465306880819173
202506,중국,477052.0,189.16,69.26,43050,156383,446904,74.1335636154289,25.866436384571102,2025-06-01,6,2,summer,0,484390.0,443230.0,416849.0,-0.0151489502260575,448156.3333333333,392762.6666666667,1.064476756250981,34038.92243202397,1151428.0,0.4143133569793334,37502.0,130911.0,446904.0,0.1479387765985814,0.1945749402265661,0.0,0.3278112239336592,0.0902417346536645,38421.333333333336,1.1204712659633536,0.3826330160413778,Medium,1377988.0,1427270.0,-0.03452885578762253,2.8885488374432975
202507,중국,602147.0,192.68,70.87,42723,132593,446904,66.35614475098531,33.64385524901469,2025-07-01,7,3,summer,0,477052.0,484390.0,443230.0,0.2622250823809564,468224.0,421140.1666666667,1.2860233563422636,21954.19294804552,1297265.0,0.4641665349793604,43050.0,156383.0,446904.0,-0.007595818815331,-0.1521265099147605,0.0,0.2202003829629641,0.0709511132663618,38969.333333333336,1.096323604885893,0.6350259961961672,High,1543669.0,1377988.0,0.1202339933294049,2.5636082219125895
202508,중국,604618.0,194.14,69.39,40667,101335,446904,71.97851863667783,28.021481363322167,2025-08-01,8,3,summer,0,602147.0,477052.0,484390.0,0.0041036491089385,521196.3333333333,460754.6666666667,1.1600580459442986,70201.2776688099,1351649.0,0.4473187935625299,42723.0,132593.0,446904.0,-0.0481239613323034,-0.2357439683844547,0.0,0.1676016923082012,0.0672606505264481,41091.66666666666,0.9896653822754006,0.5047778004960402,High,1402671.0,1543669.0,-0.09133952939393095,2.319929277659613
202509,중국,503186.0,196.82,70.01,39898,196155,446904,73.99105471187852,26.008945288121488,2025-09-01,9,3,fall,1,604618.0,602147.0,477052.0,-0.1677621241841956,561272.3333333334,504714.3333333333,0.8965095375566347,72947.41167672329,1191448.0,0.4223314823643163,40667.0,101335.0,446904.0,-0.0189096810681879,0.9357082942714758,0.0,0.3898260285461042,0.079290759281856,42146.66666666666,0.946646630813034,0.5528162886623028,High,1577646.0,1402671.0,0.12474414884174549,3.13531378059008
202510,중국,472477.0,200.45,65.0,38169,109584,446904,68.8479403807871,31.152059619212903,2025-10-01,10,4,fall,1,503186.0,604618.0,602147.0,-0.0610291224318641,569983.6666666666,519103.8333333333,0.8289307705308515,57861.66835076,1143924.0,0.4130318098055465,39898.0,196155.0,446904.0,-0.0433355055391247,-0.4413397568249598,0.0,0.2319350994863242,0.0807848847668775,41096.0,0.9287765232626046,0.430951728585812,Medium,1549275.0,1577646.0,-0.017983121688895987,3.2790485039483404
202511,중국,377866.0,207.05,64.47,34132,103182,446904,68.99163463712412,31.00836536287588,2025-11-01,11,4,fall,0,472477.0,503186.0,604618.0,-0.2002446679944209,526760.3333333334,523978.3333333333,0.7173395111375761,69152.89483697223,1081405.0,0.34942135462662,38169.0,109584.0,446904.0,-0.1057664596924205,-0.0584209373631187,0.0,0.273065054807789,0.090328317445867,39578.0,0.8623983020870181,0.4250781403242595,High,1313910.0,1549275.0,-0.15191944619257394,3.4771850338479777
202512,중국,393834.0,204.76,62.05,31341,55147,446904,73.60409421953939,26.3959057804606,2025-12-01,12,4,winter,0,377866.0,472477.0,503186.0,0.0422583667225947,451176.3333333333,506224.3333333333,0.8729048287846068,65318.943655982,1036549.0,0.3799473059160734,34132.0,103182.0,446904.0,-0.0817707722957928,-0.4655366246050668,0.0,0.1400260008023685,0.0795792135772939,37399.66666666666,0.838002121231027,0.4751374907448211,High,1362506.0,1313910.0,0.0369857905031547,3.4595946515537004
202601,중국,418703.0,205.46,61.97,33117,79656,446904,73.68056517523203,26.31943482476797,2026-01-01,1,1,winter,0,393834.0,377866.0,472477.0,0.0631458939553212,414725.6666666667,492354.6666666667,1.0095902753386374,50647.37537457745,924755.0,0.4527718152375494,31341.0,55147.0,446904.0,0.0566669857375323,0.4444303407256967,0.0,0.1902446364129227,0.0790942505785724,34547.333333333336,0.9585978657301092,0.6430794154262935,High,1150509.0,1362506.0,-0.15559344325823152,2.7477925880636156
202602,중국,504563.0,207.91,68.4,30004,113776,446904,75.46313245954455,24.536867540455447,2026-02-01,2,1,winter,0,418703.0,393834.0,377866.0,0.2050618218641853,396801.0,461780.6666666667,1.271576936550059,20579.539815069285,1048888.0,0.4810456407166447,33117.0,79656.0,446904.0,-0.0940000603919437,0.4283418700411771,0.0,0.2254941404740339,0.059465319494295,32863.333333333336,0.9129932041789228,0.6262839998223564,High,1078994.0,1150509.0,-0.06215944421121434,2.1384723017740104
202603,중국,501060.0,218.7,128.52,32585,267098,446904,72.22572509457756,27.77427490542245,2026-03-01,3,1,spring,1,504563.0,418703.0,393834.0,-0.0069426414540899,439033.3333333333,445104.8333333333,1.1412800850353049,58096.641041744886,1386767.0,0.3613152029144045,30004.0,113776.0,446904.0,0.0860218637514998,1.3475776965265085,0.0,0.5330659002913822,0.0650321318804135,31487.33333333333,1.0348605788571066,0.4435314811419971,Medium,2640990.0,1078994.0,1.4476410434163676,5.2708058915099985
202604,중국,574283.0,215.9,105.7,43716,224959,446904,79.10077234277307,20.89922765722692,2026-04-01,4,2,spring,1,501060.0,504563.0,418703.0,0.146136191274498,474775.3333333333,444750.5,1.2095889564608102,48591.64204195365,1315449.0,0.4365680463476729,32585.0,267098.0,446904.0,0.3415988951971766,-0.1577660633924626,0.0,0.3917215031613333,0.076122747843833,31902.0,1.370321609930412,0.7045702138898652,High,3192636.0,2640990.0,0.20887848874853748,5.55934269341074
201811,홍콩,53790.0,143.42,65.56,1612,567,7773,72.46376811594203,27.536231884057973,2018-11-01,11,4,fall,0,,,,,,,,,924065.0,0.0582101908415533,,,,,,,0.0105409927495817,0.0299683956125673,,,0.0392949859309623,Low,68958.0,,,1.2819854991634132
201812,홍콩,59546.0,142.98,57.32,1231,54,7773,59.72222222222222,40.27777777777778,2018-12-01,12,4,winter,0,53790.0,,,0.1070087376835843,,,,,892677.0,0.0667049783964412,1612.0,567.0,7773.0,-0.2363523573200992,-0.9047619047619048,0.0,0.0009068619218755,0.0206730930709031,,,0.2500168552399125,Low,82451.0,68958.0,0.19566982801125324,1.3846605985288685
201901,홍콩,35896.0,142.49,59.09,1484,117,7773,52.0,48.0,2019-01-01,1,1,winter,0,59546.0,53790.0,,-0.3971719343028919,,,,,785927.0,0.0456734531324156,1231.0,54.0,7773.0,0.2055239642567018,1.1666666666666667,0.0,0.0032594160909293,0.0413416536661466,,,0.0468003256496443,Low,55680.0,82451.0,-0.32468981576936606,1.551147760196122
201902,홍콩,51312.0,142.43,64.59,1029,418,7773,61.90476190476191,38.095238095238095,2019-02-01,2,1,winter,0,35896.0,59546.0,53790.0,0.4294628928014263,49744.0,,1.0315213895143134,12333.215801241784,870182.0,0.0589669747248276,1484.0,117.0,7773.0,-0.3066037735849056,2.572649572649573,0.0,0.0081462425943249,0.0200537885874649,1442.3333333333333,0.7134273168477006,0.2499999995090727,Low,64626.0,55680.0,0.16066810344827587,1.2594714686623012
201903,홍콩,46068.0,144.96,66.94,1520,195,7773,68.33333333333333,31.666666666666664,2019-03-01,3,1,spring,1,51312.0,35896.0,59546.0,-0.1021983161833489,48918.0,,0.9417392370906414,12005.375962459484,1091595.0,0.0422024652000055,1029.0,418.0,7773.0,0.4771622934888241,-0.5334928229665071,0.0,0.0042328731440479,0.0329947034818095,1248.0,1.2179487179487178,0.0562025240785374,Low,64748.0,64626.0,0.0018877851019713427,1.4054875401580273
201904,홍콩,76104.0,147.66,70.94,897,918,7773,76.27118644067797,23.728813559322035,2019-04-01,4,2,spring,1,46068.0,51312.0,35896.0,0.6519927064339672,44425.333333333336,,1.7130766229478676,7838.177679367401,1075042.0,0.0707916527912397,1520.0,195.0,7773.0,-0.4098684210526316,3.707692307692308,0.0,0.0120624408703878,0.0117865026805424,1344.3333333333333,0.6672452268782545,0.3057567807692061,Low,103251.0,64748.0,0.5946592944955829,1.3567092399873857
201905,홍콩,57026.0,151.64,69.38,1312,1402,45071,95.54140127388536,4.45859872611465,2019-05-01,5,2,spring,1,76104.0,46068.0,51312.0,-0.2506832755177126,57828.0,53786.0,0.9861312858822716,16043.19220105525,1041306.0,0.0547639214601663,897.0,918.0,7773.0,0.4626532887402452,0.5272331154684096,4.798404734336807,0.0245852768912425,0.0230070494160558,1148.6666666666667,1.14219384793964,0.1002174986693214,Low,80208.0,103251.0,-0.2231745939506639,1.4065163258864377
201906,홍콩,61728.0,148.0,61.78,748,130,45071,73.80952380952381,26.1904761904762,2019-06-01,6,2,summer,0,57026.0,76104.0,46068.0,0.0824536176480903,59732.66666666666,54325.333333333336,1.0334043906740031,15199.83083239196,1043046.0,0.0591805155285577,1312.0,1402.0,45071.0,-0.4298780487804878,-0.9072753209700428,0.0,0.0021060134784862,0.0121176775531363,1243.0,0.6017699115044248,0.2249020988435868,Low,86362.0,80208.0,0.07672551366447238,1.399073354069466
201907,홍콩,59036.0,151.31,63.28,1306,390,45071,85.71428571428571,14.285714285714285,2019-07-01,7,3,summer,0,61728.0,57026.0,76104.0,-0.0436106791083463,64952.66666666666,54689.0,0.9089080253312668,9939.38515871748,1064013.0,0.055484284496524,748.0,130.0,45071.0,0.7459893048128342,2.0,0.0,0.0066061386272782,0.0221220949928856,985.6666666666666,1.3249915454852892,0.1474855628110626,Low,91442.0,86362.0,0.058822167156851395,1.5489193034758453
201908,홍콩,65958.0,154.97,59.13,931,142,45071,38.94736842105263,61.05263157894737,2019-08-01,8,3,summer,0,59036.0,61728.0,57026.0,0.1172504912256928,59263.333333333336,58545.66666666666,1.1129647336745598,2359.228970094532,1169581.0,0.0563945549731057,1306.0,390.0,45071.0,-0.2871362940275651,-0.6358974358974359,0.0,0.0021528851693501,0.0141150429060917,1122.0,0.8297682709447415,0.1838508648727518,Low,90326.0,91442.0,-0.012204457470309049,1.3694472239910247
201909,홍콩,45911.0,153.3,61.13,1176,255,45071,62.7906976744186,37.2093023255814,2019-09-01,9,3,fall,1,65958.0,59036.0,61728.0,-0.3039358379574881,62240.66666666666,60986.66666666666,0.73763670054948,3489.3611640719146,1031957.0,0.0444892568198093,931.0,142.0,45071.0,0.2631578947368421,0.795774647887324,0.0,0.0055542244777939,0.0256147764152381,995.0,1.1819095477386934,0.0,Low,77111.0,90326.0,-0.14630338994309502,1.6795757008124415
201910,홍콩,65544.0,149.03,59.39,4297,1977,45071,78.42323651452283,21.57676348547718,2019-10-01,10,4,fall,1,45911.0,65958.0,59036.0,0.4276317222452135,56968.333333333336,60960.5,1.1505339223545243,10182.189663001438,1110823.0,0.0590048999705623,1176.0,255.0,45071.0,2.6539115646258504,6.752941176470588,0.0,0.0301629439765653,0.0655590137922616,1137.6666666666667,3.777029006738939,0.294571402066623,Low,98088.0,77111.0,0.27203641503806203,1.496521420725009
201911,홍콩,58600.0,150.67,61.99,7120,11379,45071,76.1986301369863,23.8013698630137,2019-11-01,11,4,fall,0,65544.0,45911.0,65958.0,-0.1059440986207738,59137.66666666666,59200.5,0.9909082198035094,11456.499567203473,1006970.0,0.0581943851356048,4297.0,1977.0,45071.0,0.6569699790551548,4.755690440060698,0.0,0.1941808873720136,0.1215017064846416,2134.6666666666665,3.3354153653966274,0.1692662006353252,Low,88090.0,98088.0,-0.10192888018921785,1.5032423208191126
201912,홍콩,71751.0,148.66,64.91,5665,12662,45071,89.46280991735537,10.537190082644628,2019-12-01,12,4,winter,0,58600.0,65544.0,45911.0,0.224419795221843,56685.0,59462.833333333336,1.2657845991002912,9955.60600867672,1003750.0,0.0714829389788293,7120.0,11379.0,45071.0,-0.2043539325842696,0.1127515598910273,0.0,0.1764714080639991,0.0789536034340984,4197.666666666667,1.349559278964504,0.3499999992606709,Low,113228.0,88090.0,0.28536723805199227,1.5780685983470613
202001,홍콩,66962.0,152.38,64.32,5592,10450,45071,47.10743801652893,52.89256198347108,2020-01-01,1,1,winter,0,71751.0,58600.0,65544.0,-0.0667447143593817,65298.333333333336,61133.333333333336,1.0254779346078255,6578.940973540751,930221.0,0.0719850444141768,5665.0,12662.0,45071.0,-0.0128861429832303,-0.1746959406096983,0.0,0.1560586601355993,0.0835100504763896,5694.0,0.982086406743941,0.1468521671945064,Low,97637.0,113228.0,-0.13769562299077967,1.4580956363310533
202002,홍콩,20966.0,156.4,54.23,6932,1678,45071,28.38933951332561,71.61066048667439,2020-02-01,2,1,winter,0,66962.0,71751.0,58600.0,-0.6868970460858397,65771.0,62454.333333333336,0.3187727113773547,6655.904221065684,431732.0,0.0485625341647132,5592.0,10450.0,45071.0,0.2396280400572246,-0.8394258373205742,0.0,0.0800343413145092,0.3306305446914051,6125.666666666667,1.1316319312183707,0.0562730289395858,Low,57526.0,97637.0,-0.4108176203693272,2.7437756367452066
202003,홍콩,262.0,157.67,33.71,6121,10054,45071,16.541353383458645,83.45864661654136,2020-03-01,3,1,spring,1,20966.0,66962.0,71751.0,-0.9875035772202614,53226.333333333336,54955.66666666666,0.0049223755158787,28040.692936040887,36359.0,0.0072059187546412,6932.0,1678.0,45071.0,-0.1169936526255049,4.99165673420739,0.0,38.37404580152672,23.362595419847327,6063.0,1.0095662213425698,0.0255815465531358,Low,11832.0,57526.0,-0.7943190904982095,45.16030534351145
202004,홍콩,35.0,158.08,20.39,3871,1084,45071,30.77939233817701,69.22060766182298,2020-04-01,4,2,spring,1,262.0,20966.0,66962.0,-0.8664122137404581,29396.666666666668,47347.5,0.0011906111804059,34139.853622025585,10902.0,0.0032104201064024,6121.0,10054.0,45071.0,-0.3675869955889561,-0.8921822160334195,0.0,30.97142857142857,110.6,6215.0,0.6228479485116654,0.0711584398293108,Low,12813.0,11832.0,0.0829107505070994,366.0857142857143
202005,홍콩,24.0,159.87,30.47,3311,2043,42754,37.93103448275862,62.06896551724138,2020-05-01,5,2,spring,1,35.0,262.0,20966.0,-0.3142857142857143,7087.666666666667,36429.333333333336,0.0033861637586417,12019.525129277496,14485.0,0.0016568864342423,3871.0,1084.0,45071.0,-0.1446654611211573,0.8846863468634686,-0.0514077788378336,85.125,137.95833333333334,5641.333333333333,0.5869179862916568,0.0345778403244127,Low,13822.0,12813.0,0.07874814641379849,575.9166666666666
202006,홍콩,62.0,154.91,40.8,3544,17183,42754,48.48484848484848,51.51515151515152,2020-06-01,6,2,summer,0,24.0,35.0,262.0,1.5833333333333333,107.0,26666.666666666668,0.5794392523364486,134.34656675859225,15568.0,0.0039825282631038,3311.0,2043.0,42754.0,0.0703714889761401,7.41067058247675,0.0,277.14516129032256,57.16129032258065,4434.333333333333,0.7992182214538075,0.3136300695826805,Low,14647.0,13822.0,0.059687454782231225,236.24193548387098
202007,홍콩,78.0,153.73,43.3,3368,3357,42754,61.71428571428571,38.285714285714285,2020-07-01,7,3,summer,0,62.0,24.0,35.0,0.2580645161290322,40.333333333333336,14718.5,1.933884297520661,19.553345830157355,22798.0,0.0034213527502412,3544.0,17183.0,42754.0,-0.0496613995485327,-0.8046324855962288,0.0,43.03846153846154,43.17948717948718,3575.333333333333,0.9420100689912362,0.0700111868044418,Low,17144.0,14647.0,0.17047859629958353,219.7948717948718
202008,홍콩,167.0,152.91,44.0,3429,9820,42754,63.92405063291139,36.07594936708861,2020-08-01,8,3,summer,0,78.0,62.0,24.0,1.141025641025641,54.66666666666666,3571.1666666666665,3.054878048780488,27.736858747050576,31740.0,0.0052614996849401,3368.0,3357.0,42754.0,0.0181116389548693,1.9252308608876971,0.0,58.80239520958084,20.53293413173653,3407.6666666666665,1.00626039323095,0.2982668157995523,Low,16448.0,17144.0,-0.04059729351376575,98.49101796407186
202009,홍콩,115.0,151.42,41.51,3030,968,42754,58.86075949367089,41.13924050632912,2020-09-01,9,3,fall,1,167.0,78.0,62.0,-0.311377245508982,102.33333333333331,104.66666666666669,1.1237785016286646,56.57148869487333,28971.0,0.0039694867281074,3429.0,9820.0,42754.0,-0.1163604549431321,-0.9014256619144604,0.0,8.417391304347825,26.347826086956523,3447.0,0.8790252393385553,0.1249212846766792,Low,15284.0,16448.0,-0.07076848249027237,132.90434782608696
202010,홍콩,59.0,146.24,40.67,4551,1244,42754,37.1764705882353,62.82352941176471,2020-10-01,10,4,fall,1,115.0,167.0,78.0,-0.4869565217391304,120.0,80.16666666666667,0.4916666666666666,44.710177810214255,25128.0,0.0023479783508436,3030.0,968.0,42754.0,0.501980198019802,0.2851239669421487,0.0,21.084745762711865,77.13559322033899,3275.6666666666665,1.389335504223059,0.0106553559702792,Low,15369.0,15284.0,0.005561371368751636,260.49152542372883
202011,홍콩,89.0,142.49,43.42,3495,410,42754,23.59882005899705,76.40117994100295,2020-11-01,11,4,fall,0,59.0,115.0,167.0,0.5084745762711864,113.66666666666669,84.16666666666667,0.782991202346041,54.012344266419895,23916.0,0.0037213580866365,4551.0,1244.0,42754.0,-0.2320369149637442,-0.6704180064308681,0.0,4.606741573033708,39.26966292134831,3670.0,0.952316076294278,0.2499999996474587,Low,13757.0,15369.0,-0.104886459756653,154.57303370786516
202012,홍콩,59.0,140.35,49.84,3468,572,42754,17.903930131004365,82.09606986899564,2020-12-01,12,4,winter,0,89.0,59.0,115.0,-0.3370786516853932,87.66666666666667,95.0,0.6730038022813688,28.02379940611327,21363.0,0.0027617843935776,3495.0,410.0,42754.0,-0.007725321888412,0.3951219512195122,0.0,9.694915254237287,58.77966101694916,3692.0,0.9393282773564464,0.0,Low,11607.0,13757.0,-0.15628407356254997,196.72881355932202
202101,홍콩,61.0,143.76,54.82,3116,194,42754,23.31460674157304,76.68539325842697,2021-01-01,1,1,winter,0,59.0,89.0,59.0,0.0338983050847457,69.0,94.5,0.8840579710144928,17.320508070510126,20972.0,0.0029086400915506,3468.0,572.0,42754.0,-0.1014994232987312,-0.6608391608391608,0.0,3.180327868852459,51.08196721311475,3838.0,0.8118811881188119,0.063960834825314,Low,10679.0,11607.0,-0.07995175325234773,175.0655737704918
202102,홍콩,129.0,142.96,60.89,3479,2660,42754,30.06134969325153,69.93865030674846,2021-02-01,2,1,winter,0,61.0,59.0,89.0,1.1147540983606556,69.66666666666667,91.66666666666669,1.8516746411483247,16.772994161864613,25486.0,0.005061602448403,3116.0,194.0,42754.0,0.1164955070603337,12.711340206185566,0.0,20.62015503875969,26.968992248062012,3359.6666666666665,1.0355193967655525,0.2558368458736956,Low,10207.0,10679.0,-0.04419889502762431,79.12403100775194
202103,홍콩,89.0,145.98,64.44,3619,5460,42754,46.33333333333333,53.66666666666666,2021-03-01,3,1,spring,1,129.0,61.0,59.0,-0.3100775193798449,83.0,85.33333333333333,1.072289156626506,39.849717688092944,32665.0,0.0027246288075922,3479.0,2660.0,42754.0,0.0402414486921529,1.0526315789473684,0.0,61.348314606741575,40.662921348314605,3354.333333333333,1.0789029116565636,0.0571245130615689,Low,13343.0,10207.0,0.30724012932301364,149.92134831460675
202104,홍콩,38.0,142.64,62.92,4344,10603,42754,64.77495107632095,35.22504892367906,2021-04-01,4,2,spring,1,89.0,129.0,61.0,-0.5730337078651685,93.0,81.0,0.4086021505376344,34.17601497864811,30962.0,0.0012273108972288,3619.0,5460.0,42754.0,0.2003315833103067,0.941941391941392,0.0,279.0263157894737,114.3157894736842,3404.6666666666665,1.2758958292539653,0.0905655901835616,Low,13968.0,13343.0,0.04684104024582178,367.57894736842104
202105,홍콩,95.0,143.79,66.34,3898,47165,37171,58.6073500967118,41.3926499032882,2021-05-01,5,2,spring,1,38.0,89.0,129.0,1.5,85.33333333333333,77.5,1.11328125,45.61067126401515,33346.0,0.0028489174113836,4344.0,10603.0,42754.0,-0.1026703499079189,3.4482693577289445,-0.1305842728165785,496.4736842105263,41.03157894736842,3814.0,1.022024121657053,0.281450189451469,Low,14513.0,13968.0,0.03901775486827033,152.76842105263157
202106,홍콩,79.0,145.58,71.6,4218,28926,37171,56.97865353037766,43.02134646962233,2021-06-01,6,2,summer,0,95.0,38.0,89.0,-0.1684210526315789,74.0,78.5,1.0675675675675675,31.32091952386841,32330.0,0.0024435508815341,3898.0,47165.0,37171.0,0.082093381221139,-0.3867062440368917,0.0,366.1518987341772,53.392405063291136,3953.6666666666665,1.06685776915943,0.1543422513377472,Low,14487.0,14513.0,-0.0017914972783022118,183.37974683544303
202107,홍콩,94.0,147.67,72.93,3386,46004,37171,64.46469248291572,35.53530751708428,2021-07-01,7,3,summer,0,79.0,95.0,38.0,0.189873417721519,70.66666666666667,81.83333333333333,1.3301886792452828,29.399546478712065,36523.0,0.0025737206691673,4218.0,28926.0,37171.0,-0.1972498814604077,0.5904030975592892,0.0,489.40425531914894,36.02127659574468,4153.333333333333,0.8152487961476726,0.2800949522198294,Low,15809.0,14487.0,0.09125422792848761,168.18085106382978
202108,홍콩,197.0,149.6,69.5,2947,9868,37171,79.06976744186046,20.930232558139537,2021-08-01,8,3,summer,0,94.0,79.0,95.0,1.0957446808510638,89.33333333333333,87.33333333333333,2.205223880597015,8.962886429833071,40720.0,0.0048379174852652,3386.0,46004.0,37171.0,-0.1296515062020082,-0.7854969133118859,0.0,50.09137055837564,14.959390862944163,3834.0,0.7686489306207616,0.2778374799014655,Low,16376.0,15809.0,0.03586564615092669,83.1269035532995
202109,홍콩,127.0,152.31,72.63,3601,41271,37171,78.06513409961686,21.93486590038314,2021-09-01,9,3,fall,1,197.0,94.0,79.0,-0.3553299492385787,123.33333333333331,98.66666666666669,1.02972972972973,64.23654203920329,39934.0,0.0031802474082235,2947.0,9868.0,37171.0,0.2219205972175093,3.18230644507499,0.0,324.9685039370079,28.35433070866142,3517.0,1.0238839920386693,0.1421613165943498,Low,16557.0,16376.0,0.01105276013678554,130.37007874015748
202110,홍콩,117.0,150.65,81.61,3705,29126,37171,78.99686520376176,21.00313479623825,2021-10-01,10,4,fall,1,127.0,197.0,94.0,-0.0787401574803149,139.33333333333334,105.0,0.8397129186602871,52.59594407513232,37337.0,0.0031336208050994,3601.0,41271.0,37171.0,0.0288808664259927,-0.294274429987158,0.0,248.94017094017093,31.666666666666668,3311.333333333333,1.118884638614858,0.1706760785569785,Low,18460.0,16557.0,0.11493628072718487,157.77777777777777
202111,홍콩,119.0,153.21,80.3,3152,14329,37171,83.31678252234359,16.683217477656406,2021-11-01,11,4,fall,0,117.0,127.0,197.0,0.017094017094017,147.0,118.16666666666669,0.8095238095238095,43.588989433355394,34712.0,0.0034282092648075,3705.0,29126.0,37171.0,-0.1492577597840755,-0.508034058916432,0.0,120.41176470588236,26.48739495798319,3417.6666666666665,0.9222666536623428,0.1511497005871748,Low,17296.0,18460.0,-0.06305525460455037,145.34453781512605
202112,홍콩,113.0,152.03,73.21,2784,36756,37171,78.5876993166287,21.4123006833713,2021-12-01,12,4,winter,0,119.0,117.0,127.0,-0.0504201680672268,121.0,122.16666666666669,0.9338842975206612,5.291502605213347,29906.0,0.0037785059854209,3152.0,14329.0,37171.0,-0.116751269035533,1.5651476027636262,0.0,325.27433628318585,24.63716814159292,3486.0,0.7986230636833046,0.319166875686531,Low,15298.0,17296.0,-0.11551803885291397,135.38053097345133
202201,홍콩,76.0,154.35,83.47,2421,25463,37171,78.04878048780488,21.951219512195124,2022-01-01,1,1,winter,0,113.0,119.0,117.0,-0.3274336283185841,116.33333333333331,127.83333333333331,0.6532951289398281,3.055050433999272,26606.0,0.0028564985341652,2784.0,36756.0,37171.0,-0.1303879310344827,-0.3072423549896615,0.0,335.0394736842105,31.855263157894736,3213.6666666666665,0.7533450886837465,0.0490428638716512,Low,13964.0,15298.0,-0.08720094129951628,183.73684210526315
202202,홍콩,272.0,154.21,92.36,2053,37325,37171,71.37681159420289,28.6231884057971,2022-02-01,2,1,winter,0,76.0,113.0,119.0,2.5789473684210527,102.66666666666669,124.83333333333331,2.6493506493506493,23.28805129576495,36660.0,0.0074195308237861,2421.0,25463.0,37171.0,-0.1520033044196612,0.4658524133055806,0.0,137.22426470588235,7.547794117647059,2785.6666666666665,0.7369869570420008,0.2797159999151725,Low,13465.0,13964.0,-0.0357347464909768,49.50367647058823
202203,홍콩,150.0,154.78,110.93,2337,18303,37171,76.5321375186846,23.4678624813154,2022-03-01,3,1,spring,1,272.0,76.0,113.0,-0.4485294117647059,153.66666666666666,137.33333333333334,0.9761388286334056,104.13612885619742,33651.0,0.0044575198359632,2053.0,37325.0,37171.0,0.138334145153434,-0.5096316141995981,0.0,122.02,15.58,2419.333333333333,0.9659685863874344,0.0797017355579363,Low,22156.0,13465.0,0.6454511696992202,147.70666666666668
202204,홍콩,140.0,161.9,102.82,2669,14099,37171,81.90348525469169,18.096514745308312,2022-04-01,4,2,spring,1,150.0,272.0,76.0,-0.0666666666666666,166.0,141.16666666666666,0.8433734939759037,98.97474425236626,43988.0,0.0031826861871419,2337.0,18303.0,37171.0,0.1420624732563115,-0.2296891220018576,0.0,100.70714285714286,19.064285714285717,2270.333333333333,1.175598296872706,0.115299945577878,Low,30836.0,22156.0,0.3917674670518144,220.25714285714287
202205,홍콩,307.0,158.73,108.16,2731,8300,52402,73.1585518102372,26.8414481897628,2022-05-01,5,2,spring,1,140.0,150.0,272.0,1.1928571428571428,187.33333333333331,145.0,1.6387900355871885,73.49376390657098,58537.0,0.0052445461844645,2669.0,14099.0,37171.0,0.0232296740352191,-0.411305766366409,0.4097549164671383,27.035830618892508,8.895765472312704,2353.0,1.1606459838504035,0.2761643634125035,Medium,33790.0,30836.0,0.09579712024905954,110.06514657980456
202206,홍콩,662.0,164.77,113.27,3473,29564,52402,78.54209445585215,21.45790554414784,2022-06-01,6,2,summer,0,307.0,140.0,150.0,1.1563517915309447,199.0,176.33333333333334,3.3266331658291457,93.66429415642628,75710.0,0.0087438911636507,2731.0,8300.0,52402.0,0.2716953496887587,2.5619277108433733,0.0,44.65861027190332,5.246223564954683,2579.0,1.3466459868165956,0.3499999997450979,Medium,37143.0,33790.0,0.09923054158034922,56.10725075528701
202207,홍콩,1237.0,166.14,103.14,4001,17225,52402,75.69786535303777,24.30213464696224,2022-07-01,7,3,summer,0,662.0,307.0,140.0,0.8685800604229608,369.6666666666667,267.8333333333333,3.3462578899909827,266.5826951119598,86631.0,0.0142789532615345,3473.0,29564.0,52402.0,0.1520299452922545,-0.4173657150588554,0.0,13.924818108326596,3.2344381568310427,2957.6666666666665,1.352755550546602,0.3130475306138094,Low,50557.0,37143.0,0.3611447648278276,40.870654810024256
202208,홍콩,2043.0,171.73,96.63,3569,6465,52402,74.8015873015873,25.198412698412696,2022-08-01,8,3,summer,0,1237.0,662.0,307.0,0.6515763945028294,735.3333333333334,461.3333333333333,2.7783318223028104,469.3168794462424,113473.0,0.0180042829571792,4001.0,17225.0,52402.0,-0.1079730067483129,-0.6246734397677793,0.0,3.1644640234948604,1.7469407733724915,3401.6666666666665,1.0491915727584518,0.1871790256812645,Low,49642.0,50557.0,-0.01809838400221532,24.298580518844837
202209,홍콩,3225.0,182.79,90.95,3527,21416,52402,82.0702402957486,17.929759704251385,2022-09-01,9,3,fall,1,2043.0,1237.0,662.0,0.57856093979442,1314.0,756.5,2.454337899543379,693.7124764625685,125306.0,0.0257369958341978,3569.0,6465.0,52402.0,-0.0117680022415242,2.3126063418406804,0.0,6.64062015503876,1.093643410852713,3681.0,0.9581635425156207,0.3168663761104823,Medium,53612.0,49642.0,0.0799726038435196,16.623875968992248
202210,홍콩,11216.0,180.83,91.16,8427,29607,52402,71.82159233013756,28.178407669862445,2022-10-01,10,4,fall,1,3225.0,2043.0,1237.0,2.477829457364341,2168.333333333333,1269.0,5.172636433512682,999.9086624953148,186233.0,0.0602256313327927,3527.0,21416.0,52402.0,1.3892826764956054,0.3824710496824804,0.0,2.639711126961484,0.7513373751783167,3699.0,2.278183292781833,0.3158891598349638,Medium,84916.0,53612.0,0.5838991270611057,7.570970042796006
202211,홍콩,14721.0,170.49,86.26,3600,40570,52402,75.69620253164557,24.30379746835443,2022-11-01,11,4,fall,0,11216.0,3225.0,2043.0,0.3125,5494.666666666667,3115.0,2.679143411793254,4989.942117232744,184092.0,0.0799654520565804,8427.0,29607.0,52402.0,-0.5728017087931648,0.3702840544465836,0.0,2.7559269071394605,0.2445486040350519,5174.333333333333,0.6957418024866328,0.2057296739625488,Low,79241.0,84916.0,-0.06683075038861934,5.382854425650431
202212,홍콩,27146.0,162.73,77.22,3916,17494,52402,82.70392749244712,17.29607250755287,2022-12-01,12,4,winter,0,14721.0,11216.0,3225.0,0.8440323347598668,9720.666666666666,5517.333333333333,2.7926068170907348,5892.07266870778,231106.0,0.1174612515469092,3600.0,40570.0,52402.0,0.0877777777777777,-0.5687946758688687,0.0,0.644441169969793,0.1442569807706476,5184.666666666667,0.7553041018387553,0.3436802891713086,Medium,122075.0,79241.0,0.5405535013440013,4.496979297134016
202301,홍콩,26777.0,157.18,80.42,5116,35050,52402,53.57142857142857,46.42857142857143,2023-01-01,1,1,winter,0,27146.0,14721.0,11216.0,-0.0135931628969277,17694.333333333332,9931.333333333334,1.5133093457415747,8370.887547526443,217220.0,0.1232713378141975,3916.0,17494.0,52402.0,0.306435137895812,1.003544072253344,0.0,1.3089591813870112,0.1910594913545206,5314.333333333333,0.9626795458822054,0.072201700042918,Low,100767.0,122075.0,-0.17454843334015974,3.7631922918922958
202302,홍콩,16237.0,167.94,82.11,3514,4555,52402,72.28327228327228,27.71672771672772,2023-02-01,2,1,winter,0,26777.0,27146.0,14721.0,-0.393621391492699,22881.33333333333,14188.0,0.7096177378940621,7069.463935358414,250688.0,0.0647697536379882,5116.0,35050.0,52402.0,-0.3131352619233776,-0.8700427960057061,0.0,0.280532118002094,0.2164192892775759,4210.666666666667,0.8345471817606079,0.0,Low,67237.0,100767.0,-0.33274782418847443,4.140974317915871
202303,홍콩,27155.0,166.12,78.51,5399,22975,52402,66.55656482246077,33.44343517753922,2023-03-01,3,1,spring,1,16237.0,26777.0,27146.0,0.6724148549608918,23386.666666666668,16553.666666666668,1.161131698973774,6194.541172139652,442797.0,0.0613260704114978,3514.0,4555.0,52402.0,0.5364257256687536,4.04390779363337,0.0,0.8460688639292948,0.1988215798195544,4182.0,1.291009086561454,0.1221244521703122,Low,98839.0,67237.0,0.47000907238573997,3.639808506720678
202304,홍콩,38138.0,170.7,83.44,5129,10938,52402,71.31715771230502,28.68284228769497,2023-04-01,4,2,spring,1,27155.0,16237.0,26777.0,0.4044559013073099,23389.666666666668,20542.0,1.6305491028801893,6197.273701663764,458419.0,0.0831946319851489,5399.0,22975.0,52402.0,-0.0500092609742544,-0.523917301414581,0.0,0.2868005663642561,0.1344852902616812,4676.333333333333,1.0967994867773898,0.2373078374880241,Low,160059.0,98839.0,0.6193911310312731,4.196837799569983
202305,홍콩,28617.0,168.77,74.96,5886,17255,67705,75.53058676654182,24.469413233458177,2023-05-01,5,2,spring,1,38138.0,27155.0,16237.0,-0.2496460223399234,27176.666666666668,25029.0,1.0529988961118606,10950.516076118663,509048.0,0.0562167025506435,5129.0,10938.0,52402.0,0.1475921232209007,0.5775278844395685,0.2920308385176138,0.6029632735786421,0.2056819373099905,4680.666666666667,1.25751317476143,0.0,Low,126386.0,160059.0,-0.21037867286438125,4.416465737149247
202306,홍콩,31874.0,167.63,74.99,5213,1163,67705,83.0,17.0,2023-06-01,6,2,summer,0,28617.0,38138.0,27155.0,0.1138134675193067,31303.33333333333,27345.0,1.01823022042381,5963.963642858101,615164.0,0.0518138252563544,5886.0,17255.0,67705.0,-0.1143391097519537,-0.9325992465951898,0.0,0.0364874192131517,0.163550229026793,5471.333333333333,0.9527842086024126,0.0281469710490485,Low,139726.0,126386.0,0.10554966531103128,4.383698312103909
202307,홍콩,39527.0,164.17,80.45,5857,19084,67705,80.49267643142477,19.507323568575234,2023-07-01,7,3,summer,0,31874.0,28617.0,38138.0,0.2401016502478509,32876.333333333336,28133.0,1.202293443104969,4838.994144792208,684189.0,0.0577720483667524,5213.0,1163.0,67705.0,0.1235373105697295,15.409286328460878,0.0,0.4828092190148506,0.1481771953348344,5409.333333333333,1.0827581957111168,0.2092822097658564,Low,172607.0,139726.0,0.23532485006369608,4.366812558504313
202308,홍콩,43031.0,168.86,86.46,7509,6584,67705,69.53605366126328,30.46394633873673,2023-08-01,8,3,summer,0,39527.0,31874.0,28617.0,0.0886482657424039,33339.333333333336,30258.0,1.2906976744186045,5600.663026225848,748247.0,0.0575090845669945,5857.0,19084.0,67705.0,0.2820556598941438,-0.6549989520016768,0.0,0.1530059724384745,0.1745021031349492,5652.0,1.328556263269639,0.1629930649034592,Low,175934.0,172607.0,0.019275000434513086,4.088540819409263
202309,홍콩,30424.0,171.95,93.25,6190,14283,67705,80.88418430884184,19.115815691158154,2023-09-01,9,3,fall,1,43031.0,39527.0,31874.0,-0.2929748320977899,38144.0,34723.666666666664,0.7976090604026845,5705.626959414709,733802.0,0.0414607755225524,7509.0,6584.0,67705.0,-0.1756558796111333,1.1693499392466586,0.0,0.4694648961346305,0.2034577964764659,6193.0,0.9995155821088324,0.0,Low,150277.0,175934.0,-0.1458330965020974,4.939422824086248
202310,홍콩,41375.0,172.98,89.75,6899,10791,67705,74.93290391841117,25.06709608158884,2023-10-01,10,4,fall,1,30424.0,43031.0,39527.0,0.3599460951880094,37660.66666666666,35268.5,1.0986263298578536,6507.4197907721655,758558.0,0.0545442800682347,6190.0,14283.0,67705.0,0.1145395799676898,-0.2444864524259609,0.0,0.260809667673716,0.1667432024169184,6518.666666666667,1.0583452648803435,0.2499999993971834,Low,186850.0,150277.0,0.24337057567026224,4.516012084592145
202311,홍콩,38052.0,165.16,83.55,6159,6078,67705,71.36490250696379,28.63509749303621,2023-11-01,11,4,fall,0,41375.0,30424.0,43031.0,-0.0803141993957703,38276.66666666666,35808.0,0.9941304537141864,6850.829463162344,717482.0,0.0530354768481996,6899.0,10791.0,67705.0,-0.1072619220176837,-0.4367528495968863,0.0,0.1597287921791233,0.1618574582150741,6866.0,0.897028837751238,0.1169373207144986,Low,164427.0,186850.0,-0.12000535188654,4.32111321349732
202312,홍콩,42777.0,165.12,77.33,5313,5410,67705,79.36507936507937,20.63492063492064,2023-12-01,12,4,winter,0,38052.0,41375.0,30424.0,0.1241721854304635,36617.0,37380.5,1.1682278722997514,5614.759033119757,651245.0,0.0656849572741441,6159.0,6078.0,67705.0,-0.1373599610326351,-0.1099045738729845,0.0,0.1264698319190219,0.1242022582228767,6416.0,0.8280860349127181,0.2379730893719915,Low,206424.0,164427.0,0.2554142567826452,4.825583841784137
202401,홍콩,25755.0,170.22,78.85,4909,7790,67705,79.34200459066565,20.657995409334355,2024-01-01,1,1,winter,0,42777.0,38052.0,41375.0,-0.3979241181008486,40734.66666666666,39197.66666666666,0.6322624464010999,2426.711011499566,604285.0,0.0426206177548673,5313.0,5410.0,67705.0,-0.0760399021268586,0.4399260628465804,0.0,0.3024655406717142,0.1906037662589788,6123.666666666667,0.8016438952697186,0.0025357396857409,Low,145211.0,206424.0,-0.29654013099252025,5.638167346146379
202402,홍콩,35458.0,170.57,80.88,4359,7007,67705,77.84330244313395,22.15669755686605,2024-02-01,2,1,winter,0,25755.0,42777.0,38052.0,0.376742380120365,35528.0,36902.333333333336,0.9980297230353524,8787.20962535889,722487.0,0.0490776996679525,4909.0,7790.0,67705.0,-0.1120391118354043,-0.1005134788189987,0.0,0.1976140786282362,0.1229341756444244,5460.333333333333,0.7983029119101398,0.2945760643685168,Medium,153219.0,145211.0,0.05514733732293008,4.321140504258559
202403,홍콩,49235.0,172.16,84.18,4734,4228,67705,79.9373040752351,20.06269592476489,2024-03-01,3,1,spring,1,35458.0,25755.0,42777.0,0.3885441931299002,34663.333333333336,35640.166666666664,1.4203769593230118,8538.778737813343,1014857.0,0.0485142241714842,4359.0,7007.0,67705.0,0.0860289057123193,-0.3966033966033966,0.0,0.0858738702142784,0.0961511120138113,4860.333333333333,0.9740072697345862,0.0803855357611041,Low,219647.0,153219.0,0.4335493639822737,4.461196303442673
202404,홍콩,42654.0,176.18,89.17,4677,1332,67705,80.3921568627451,19.607843137254903,2024-04-01,4,2,spring,1,49235.0,35458.0,25755.0,-0.1336650756575606,36816.0,38775.333333333336,1.1585723598435462,11798.75938393524,923571.0,0.0461837801316845,4734.0,4228.0,67705.0,-0.012040557667934,-0.684957426679281,0.0,0.0312280208186805,0.1096497397664931,4667.333333333333,1.002071132695329,0.1526340566228043,Low,264045.0,219647.0,0.2021334231744572,6.1903924602616405
202405,홍콩,45790.0,176.22,84.04,5000,2502,58681,76.72826830937713,23.27173169062286,2024-05-01,5,2,spring,1,42654.0,49235.0,35458.0,0.0735218267923289,42449.0,38988.5,1.078706212160475,6890.787400580569,959085.0,0.0477434221158708,4677.0,1332.0,67705.0,0.0690613641223006,0.8783783783783784,-0.1332841001403146,0.0546407512557326,0.1091941471937104,4590.0,1.0893246187363834,0.1292942862289091,Low,254847.0,264045.0,-0.034834971311708235,5.5655601659751035
202406,홍콩,54449.0,177.9,82.56,5483,3969,58681,68.82546652030736,31.174533479692645,2024-06-01,6,2,summer,0,45790.0,42654.0,49235.0,0.1891024241100677,45893.0,40278.16666666666,1.1864336609068922,3291.70882673421,1006181.0,0.054114518163233,5000.0,2502.0,58681.0,0.0966,0.5863309352517986,0.0,0.07289390071443,0.100699737368914,4803.666666666667,1.1414197488029976,0.2115107447447637,Low,307284.0,254847.0,0.20575874936726743,5.643519623868207
202407,홍콩,58305.0,177.3,83.83,5317,4434,58681,75.4259501965924,24.5740498034076,2024-07-01,7,3,summer,0,54449.0,45790.0,42654.0,0.0708185641609579,47631.0,42223.5,1.2240977514643825,6109.211651268919,1023922.0,0.0569428140034104,5483.0,3969.0,58681.0,-0.0302753966806492,0.1171579743008314,0.0,0.0760483663493696,0.0911928651059085,5053.333333333333,1.0521767810026386,0.191052722193767,Low,338078.0,307284.0,0.10021348329232892,5.798439241917503
202408,홍콩,61864.0,171.25,77.6,4907,6892,58681,83.64677023712184,16.35322976287817,2024-08-01,8,3,summer,0,58305.0,54449.0,45790.0,0.0610410770945888,52848.0,47648.5,1.1706024825915835,6409.267274813862,1141680.0,0.0541868124167892,5317.0,4434.0,58681.0,-0.0771111529057739,0.5543527289129454,0.0,0.1114056640372429,0.0793191516875727,5266.666666666667,0.9317088607594936,0.133562081251222,Low,348963.0,338078.0,0.03219671200137247,5.6408088710720286
202409,홍콩,40033.0,169.77,73.52,4763,8483,58681,80.88962108731467,19.11037891268533,2024-09-01,9,3,fall,1,61864.0,58305.0,54449.0,-0.3528869778869778,58206.0,52049.5,0.6877813283853899,3708.4912026321313,1009319.0,0.0396633769898317,4907.0,6892.0,58681.0,-0.0293458324842062,0.2308473592571097,0.0,0.2119001823495616,0.1189768441036145,5235.666666666667,0.9097217800980454,0.0,Low,279448.0,348963.0,-0.19920450019056463,6.9804411360627485
202410,홍콩,52439.0,178.03,74.94,5317,7770,58681,76.10556348074181,23.894436519258203,2024-10-01,10,4,fall,1,40033.0,61864.0,58305.0,0.3098943371718332,53400.66666666666,50515.833333333336,0.9819914857492416,11712.706960106754,1042520.0,0.0503002340482676,4763.0,8483.0,58681.0,0.1163132479529708,-0.0840504538488742,0.0,0.1481721619405404,0.1013940006483724,4995.666666666667,1.064322412757723,0.2499999993459226,Low,330433.0,279448.0,0.1824489708282042,6.301283395945766
202411,홍콩,46766.0,179.27,72.61,4662,6170,58681,90.05275056518462,9.947249434815374,2024-11-01,11,4,fall,0,52439.0,40033.0,61864.0,-0.1081828410152749,51445.333333333336,52146.66666666666,0.9090426083350612,10949.36849016112,914291.0,0.0511500167889654,5317.0,7770.0,58681.0,-0.1231897686665412,-0.2059202059202059,0.0,0.1319334559295214,0.0996878073814309,4995.666666666667,0.9332087809434844,0.2118350212334165,Low,285916.0,330433.0,-0.1347232267963551,6.113757858273105
202412,홍콩,58670.0,189.29,73.23,5765,17798,58681,77.32793522267207,22.672064777327936,2024-12-01,12,4,winter,0,46766.0,52439.0,40033.0,0.2545438994141042,46412.66666666666,52309.333333333336,1.264094571884112,6210.542837251284,830588.0,0.0706367055628061,4662.0,6170.0,58681.0,0.2365937365937366,1.8846029173419772,0.0,0.3033577637634225,0.0982614624169081,4914.0,1.173178673178673,0.3182002937156831,Low,363386.0,285916.0,0.2709537066830817,6.193727629111982
202501,홍콩,44278.0,184.16,80.41,4611,11184,58681,70.49028677150785,29.50971322849213,2025-01-01,1,1,winter,0,58670.0,46766.0,52439.0,-0.245304244077041,52625.0,53012.833333333336,0.8413871733966746,5954.179288533383,793151.0,0.0558254355097579,5765.0,17798.0,58681.0,-0.2001734605377276,-0.371614788178447,0.0,0.2525859343240435,0.1041374949184696,5248.0,0.8786204268292683,0.0642881831243574,Low,275080.0,363386.0,-0.2430088115667637,6.212566059894304
202502,홍콩,30270.0,185.1,77.92,3854,10519,58681,76.16279069767442,23.837209302325583,2025-02-01,2,1,winter,0,44278.0,58670.0,46766.0,-0.3163647861240345,49904.66666666666,50675.0,0.606556501062025,7692.258272661757,788072.0,0.0384101960226984,4611.0,11184.0,58681.0,-0.1641726306657991,-0.0594599427753934,0.0,0.3475057813016187,0.1273207796498183,5012.666666666667,0.7688522409894932,0.0255906310675554,Low,205371.0,275080.0,-0.25341355242111385,6.784638255698711
202503,홍콩,44030.0,188.68,72.49,4673,6858,58681,70.90267271810389,29.09732728189612,2025-03-01,3,1,spring,1,30270.0,44278.0,58670.0,0.4545754872811364,44406.0,45409.333333333336,0.9915326757645364,14200.432669464684,1116325.0,0.0394419187960495,3854.0,10519.0,58681.0,0.2125064867669953,-0.3480368856355166,0.0,0.1557574381103793,0.1061321826027708,4743.333333333333,0.9851721714687282,0.1095518565405836,Low,304975.0,205371.0,0.48499544726373245,6.926527367703838
202504,홍콩,64591.0,185.39,67.74,4329,6937,58681,69.76645435244161,30.233545647558387,2025-04-01,4,2,spring,1,44030.0,30270.0,44278.0,0.4669770610947081,39526.0,46075.5,1.6341395537114811,8016.890170134546,1070718.0,0.0603249408340945,4673.0,6858.0,58681.0,-0.0736143804836293,0.0115193934091571,0.0,0.1073988636187704,0.0670217212924401,4379.333333333333,0.988506622012483,0.2795606359968796,Low,451327.0,304975.0,0.47988195753750307,6.987459553188525
202505,홍콩,51363.0,176.96,63.73,2387,7735,29277,73.63013698630137,26.36986301369863,2025-05-01,5,2,spring,1,64591.0,44030.0,30270.0,-0.2047963338545617,46297.0,48100.833333333336,1.1094239367561614,17272.441257679817,1109975.0,0.046274015180522,4329.0,6937.0,58681.0,-0.4486024486024486,0.1150353178607467,-0.5010821219815613,0.1505947861300936,0.0464731421451239,4285.333333333333,0.5570161792159304,0.0170830117819028,Low,405961.0,451327.0,-0.10051692010449187,7.90376340945817
202506,홍콩,56109.0,172.83,69.26,2409,27682,29277,77.82974742750234,22.170252572497663,2025-06-01,6,2,summer,0,51363.0,64591.0,44030.0,0.0924011447929443,53328.0,48867.0,1.0521489648964897,10420.393418676662,1151428.0,0.0487299249280024,2387.0,7735.0,29277.0,0.0092165898617511,2.57879767291532,0.0,0.4933611363595858,0.0429342886167994,3796.3333333333335,0.6345596628325577,0.1403905799154856,Low,418545.0,405961.0,0.0309980515369703,7.459498476180292
202507,홍콩,64224.0,176.18,70.87,2585,11150,29277,75.4257907542579,24.574209245742093,2025-07-01,7,3,summer,0,56109.0,51363.0,64591.0,0.1446292038710367,57354.333333333336,48440.16666666666,1.119775896038079,6701.35339564578,1297265.0,0.0495072325238097,2409.0,27682.0,29277.0,0.0730593607305936,-0.597211184162994,0.0,0.1736111111111111,0.0402497508719481,3041.6666666666665,0.8498630136986302,0.2425382153598771,Low,491474.0,418545.0,0.17424410756310552,7.652497508719482
202508,홍콩,64860.0,178.19,69.39,2635,7471,29277,72.31884057971014,27.68115942028985,2025-08-01,8,3,summer,0,64224.0,56109.0,51363.0,0.0099028400597907,57232.0,51764.5,1.13328207995527,6503.627987515883,1351649.0,0.047985830640943,2585.0,11150.0,29277.0,0.0193423597678916,-0.3299551569506726,0.0,0.115186555658341,0.0406259636139377,2460.333333333333,1.070993090367159,0.1373774148707096,Low,458709.0,491474.0,-0.06666680231304199,7.072294172062905
202509,홍콩,40879.0,180.15,70.01,2681,40970,29277,82.43526941917425,17.564730580825753,2025-09-01,9,3,fall,1,64860.0,64224.0,56109.0,-0.3697348134443416,61731.0,57529.5,0.6622118546597333,4879.168679191149,1191448.0,0.0343103517736401,2635.0,7471.0,29277.0,0.0174573055028463,4.483870967741935,0.0,1.0022260818513171,0.0655837960811174,2543.0,1.054266614235155,0.099999999995694,Low,388180.0,458709.0,-0.15375543100309783,9.49582915433352
202510,홍콩,44671.0,183.18,65.0,2683,40582,29277,78.31245880026367,21.68754119973632,2025-10-01,10,4,fall,1,40879.0,64860.0,64224.0,0.0927615646175297,56654.333333333336,57004.333333333336,0.788483375793555,13665.53988444413,1143924.0,0.0390506711984362,2681.0,40970.0,29277.0,0.000745990302126,-0.0094703441542592,0.0,0.9084641042286944,0.0600613373329453,2633.6666666666665,1.0187318061004935,0.2419406665589241,Low,356757.0,388180.0,-0.0809495594827142,7.986322222470954
202511,홍콩,49635.0,188.36,64.47,2620,61766,29277,76.24918883841661,23.75081116158339,2025-11-01,11,4,fall,0,44671.0,40879.0,64860.0,0.1111235477155201,50136.66666666666,53684.333333333336,0.9899940163552956,12890.974530008709,1081405.0,0.0458986226251959,2683.0,40582.0,29277.0,-0.0234811777860603,0.5220048297274654,0.0,1.2444041502971694,0.0527853329303918,2666.333333333333,0.9826228278534817,0.3169067956950396,Low,379708.0,356757.0,0.06433230462191351,7.65000503676841
202512,홍콩,68239.0,184.41,62.05,2054,21956,29277,77.16599190283401,22.83400809716599,2025-12-01,12,4,winter,0,49635.0,44671.0,40879.0,0.3748161579530573,45061.66666666666,53396.333333333336,1.5143470059548028,4391.053328454715,1036549.0,0.0658328742780129,2620.0,61766.0,29277.0,-0.216030534351145,-0.644529352718324,0.0,0.3217514910828118,0.0301000893916968,2661.333333333333,0.7717935871743486,0.2824768402392818,Medium,490535.0,379708.0,0.2918742823432743,7.188484590923079
202601,홍콩,37710.0,183.06,61.97,2109,33370,29277,80.29315960912052,19.70684039087948,2026-01-01,1,1,winter,0,68239.0,49635.0,44671.0,-0.4473834610706487,54181.66666666666,55418.0,0.6959918791719216,12424.443220254712,924755.0,0.0407783683245832,2054.0,21956.0,29277.0,0.0267770204479065,0.5198578976134086,0.0,0.884911164147441,0.0559268098647573,2452.333333333333,0.8599972815006116,0.0842132000808009,Low,322868.0,490535.0,-0.34180435646793805,8.561866878811987
202602,홍콩,47197.0,182.25,68.4,2132,37409,29277,81.83266932270917,18.167330677290835,2026-02-01,2,1,winter,0,37710.0,68239.0,49635.0,0.2515778308141077,51861.333333333336,50999.0,0.910061445907034,15385.78500868036,1048888.0,0.0449971779637101,2109.0,33370.0,29277.0,0.0109056424845898,0.1210368594545999,0.0,0.792613937326525,0.0451723626501684,2261.0,0.9429455992923486,0.3499999988484471,Medium,312935.0,322868.0,-0.03076489463186194,6.630400237303219
202603,홍콩,59364.0,193.37,128.52,2512,39178,29277,73.21048901488307,26.789510985116937,2026-03-01,3,1,spring,1,47197.0,37710.0,68239.0,0.2577918088014069,51048.66666666666,48055.16666666666,1.1628903138181863,15624.706791915594,1386767.0,0.0428074795549648,2132.0,37409.0,29277.0,0.1782363977485928,0.0472880857547649,0.0,0.659962266693619,0.0423152078700896,2098.333333333333,1.19714058776807,0.1279074700752074,Low,413736.0,312935.0,0.32211481617588317,6.969476450373964
202604,홍콩,70802.0,188.42,105.7,2470,41345,29277,82.37384506041222,17.626154939587778,2026-04-01,4,2,spring,1,59364.0,47197.0,37710.0,0.1926756957078364,48090.333333333336,51136.0,1.472270934560653,10854.605581656722,1315449.0,0.0538234473552376,2512.0,39178.0,29277.0,-0.0167197452229299,0.0553116544999744,0.0,0.583952430722296,0.0348860201689217,2251.0,1.0972900932918703,0.3499999995506391,Low,579147.0,413736.0,0.39979842218226114,8.179811304765401
