visitor_count,visitor_lag1,visitor_lag2,visitor_lag3,visitor_mom_growth,visitor_3m_avg,visitor_6m_avg,visitor_vs_3m_avg,visitor_rolling_std,country_share,buzz_volume,engagement,potential_exposure,buzz_mom_growth,engagement_mom_growth,exposure_mom_growth,engagement_per_visitor,buzz_per_visitor,buzz_vs_3m_avg,positive_pct,negative_pct,month,quarter,is_peak_season,exchange_rate,oil_price,priority_label
101779.0,113072.0,98510.0,94559.0,-0.09987441630111787,102047.0,94928.0,0.9973737591501955,9750.157383345157,0.09774168208000338,51751,432200,1054470,-0.01539193302891933,-0.14421264395127437,2.0732620055900277,4.246455555664725,0.5084644180037139,1.0476688553131472,80.09950248756219,19.900497512437813,5,2,1,38.08,69.38,Medium
118437.0,101779.0,113072.0,98510.0,0.16366834022735535,104453.66666666667,97197.0,1.1338711581849688,7640.5721208122495,0.11354916274066532,45834,628010,1054470,-0.11433595486077563,0.45305414160111057,0.0,5.302481488048499,0.38699055193900556,0.9031685977772523,77.77777777777779,22.22222222222222,6,2,0,37.35,61.78,High
113587.0,118437.0,101779.0,113072.0,-0.04095004095004095,111096.0,102385.16666666667,1.0224220493987182,8502.980242244483,0.1067533949303251,71621,1586810,1054470,0.5626172710215124,1.5267272814127164,0.0,13.969996566508492,0.6305387060138924,1.4310366645575943,59.91189427312775,40.08810572687225,7,3,0,38.08,63.28,Medium
109273.0,113587.0,118437.0,101779.0,-0.037979698380976694,111267.66666666667,106657.33333333333,0.9820732587783813,8567.772250318829,0.093429185323633,112260,936928,1054470,0.5674173775847866,-0.4095524984087572,0.0,8.574194906335508,1.0273352063181207,1.9903549519520585,72.88135593220339,27.11864406779661,8,3,0,38.8,59.13,Medium
102758.0,109273.0,113587.0,118437.0,-0.05962131542100976,113765.66666666667,109109.66666666667,0.9032426303190476,4584.611797451705,0.09957585442029077,75789,671943,1054470,-0.3248797434526991,-0.28282322654462244,0.0,6.539082115261099,0.7375484147219681,0.9897786387480138,85.79234972677595,14.207650273224044,9,3,1,38.69,61.13,High
127944.0,102758.0,109273.0,113587.0,0.24510013818875417,108539.33333333333,109817.66666666667,1.1787800428723227,5451.65207376015,0.11517946603554302,72320,1022868,1054470,-0.04577181385161435,0.5222541197690875,0.0,7.9946539110861,0.5652472956918652,0.8355220087033542,84.30744595676542,15.692554043234589,10,4,1,38.49,59.39,High
102241.0,127944.0,102758.0,109273.0,-0.20089257800287627,113325.0,112296.33333333333,0.9021928082947276,13072.783827479134,0.10153331280971628,72371,920164,1054470,0.0007051991150442478,-0.10040787276559635,0.0,8.999951095939984,0.7078471454700169,0.8338665509334828,81.33514986376021,18.66485013623978,11,4,0,38.74,61.99,Medium
90379.0,102241.0,127944.0,102758.0,-0.11601999197973416,110981.0,112373.33333333333,0.8143646209711572,14692.66310101746,0.09004134495641344,89449,910057,1054470,0.2359784996752843,-0.010983911563590838,0.0,10.069341329291097,0.9897099990041934,1.2171035921625546,81.67239404352806,18.32760595647193,12,4,0,38.47,64.91,Medium
110354.0,90379.0,102241.0,127944.0,0.22101373106584493,106854.66666666667,107697.0,1.0327485307146154,19202.779651220637,0.11863202400289824,123025,797701,1054470,0.3753647329763329,-0.12346039863437125,0.0,7.228564438081085,1.1148213929717092,1.5763005039719824,55.689368770764126,44.31063122923588,1,1,0,39.45,64.32,High
53042.0,110354.0,90379.0,102241.0,-0.5193468292948149,100991.33333333333,107158.16666666667,0.5252133846468674,10045.964679080525,0.12285862525826206,131761,436979,1054470,0.0710099573257468,-0.45220201554216427,0.0,8.238358282116058,2.484088081143245,1.3877126156330637,35.26970954356847,64.73029045643153,2,1,0,40.33,54.23,High
585.0,53042.0,110354.0,90379.0,-0.9889710041099506,84591.66666666667,97786.33333333333,0.006915574820214757,29090.999576042992,0.01608955141780577,136462,849305,1054470,0.0356782355932332,0.9435831012474284,0.0,1451.8034188034187,233.26837606837606,1.1892631487210772,29.397590361445783,70.60240963855422,3,1,1,40.59,33.71,Low
155.0,585.0,53042.0,110354.0,-0.7350427350427351,54660.333333333336,80757.5,0.0028356943792268614,54902.391499217345,0.014217574756925335,71827,702282,1054470,-0.4736483416628805,-0.1731097779949488,0.0,4530.851612903226,463.4,0.5507529750950804,32.92278540975841,67.0772145902416,4,2,1,40.91,20.39,Medium
189.0,155.0,585.0,53042.0,0.21935483870967742,17927.333333333332,59459.333333333336,0.010542560708043583,30410.953394021253,0.013047980669658267,9260,58701,87811,-0.871079120664931,-0.9164139191948534,-0.916724989805305,310.58730158730157,48.99470899470899,0.08169386854874283,38.75551200391965,61.24448799608035,5,2,1,41.4,30.47,Low
240.0,189.0,155.0,585.0,0.2698412698412698,309.6666666666667,42450.666666666664,0.77502691065662,239.05090113299718,0.015416238437821172,9306,36566,87811,0.004967602591792656,-0.3770804585952539,0.0,152.35833333333332,38.775,0.1283297096286354,46.68335419274093,53.31664580725908,6,2,0,40.74,40.8,Low
305.0,240.0,189.0,155.0,0.2708333333333333,194.66666666666666,27427.5,1.5667808219178083,42.782395123418596,0.013378366523379244,8207,122542,87811,-0.11809585213840533,2.351255264453317,0.0,401.7770491803279,26.908196721311477,0.27237728585178056,77.15355805243446,22.846441947565545,7,3,0,40.66,43.3,Low
655.0,305.0,240.0,189.0,1.1475409836065573,244.66666666666666,9086.0,2.6771117166212535,58.14063409094402,0.020636420919974797,7847,132083,87811,-0.0438649932984038,0.07785901976465212,0.0,201.65343511450382,11.980152671755725,0.8792813655548499,83.37874659400545,16.62125340599455,8,3,0,40.39,44.0,Medium
329.0,655.0,305.0,240.0,-0.49770992366412214,400.0,354.8333333333333,0.8225,223.21514285362892,0.011356183769976873,7686,188486,87811,-0.020517395182872437,0.42702694517841056,0.0,572.9057750759879,23.361702127659573,0.9092271293375394,79.54545454545455,20.454545454545457,9,3,1,40.31,41.51,Low
299.0,329.0,655.0,305.0,-0.0911854103343465,429.6666666666667,312.1666666666667,0.6958882854926299,195.51300041813008,0.011899076727156956,7644,153932,87811,-0.00546448087431694,-0.18332396040024193,0.0,514.8227424749164,25.565217391304348,0.9659646166807077,41.6015625,58.3984375,10,4,1,39.94,40.67,Low
299.0,299.0,329.0,655.0,0.0,427.6666666666667,336.1666666666667,0.6991426344505066,197.44703931054448,0.01250209065061047,7180,147104,87811,-0.06070120355834641,-0.04435724865525037,0.0,491.9866220735786,24.013377926421406,0.9293696336885705,45.494505494505496,54.5054945054945,11,4,0,38.72,43.42,Low
264.0,299.0,299.0,329.0,-0.11705685618729098,309.0,354.5,0.8543689320388349,17.32050805157401,0.012357814913635726,6573,149352,87811,-0.08454038997214484,0.015281705460082663,0.0,565.7272727272727,24.897727272727273,0.876010661928032,35.751295336787564,64.24870466321244,12,4,0,38.68,49.84,Low
253.0,264.0,299.0,299.0,-0.041666666666666664,287.3333333333333,358.5,0.8805104408352669,20.207259421636895,0.012063703986267405,5112,176052,87811,-0.22227293473299864,0.17877229632010286,0.0,695.8577075098814,20.205533596837945,0.7167359910267795,36.63500678426052,63.36499321573948,1,1,0,39.88,54.82,Low
444.0,253.0,264.0,299.0,0.7549407114624506,272.0,349.8333333333333,1.6323529411764706,24.02082429892862,0.0174213293572942,5776,156423,87811,0.1298904538341158,-0.111495467248313,0.0,352.30405405405406,13.00900900900901,0.9185263715875961,60.43771043771044,39.56228956228956,2,1,0,39.76,60.89,Low
326.0,444.0,253.0,264.0,-0.26576576576576577,320.3333333333333,314.6666666666667,1.0176899063475546,107.23960711105453,0.00998010102556253,6858,148337,87811,0.18732686980609417,-0.051693165327349556,0.0,455.02147239263803,21.03680981595092,1.1782830307542524,63.78737541528239,36.21262458471761,3,1,1,40.16,64.44,Low
278.0,326.0,444.0,253.0,-0.147239263803681,341.0,314.1666666666667,0.8152492668621701,96.37945839233588,0.008978748142884827,6362,156101,87811,-0.07232429279673375,0.052340279229052766,0.0,561.5143884892086,22.884892086330936,1.0755099740786658,67.27861771058315,32.721382289416844,4,2,1,39.72,62.92,Low
349.0,278.0,326.0,444.0,0.25539568345323743,349.3333333333333,310.6666666666667,0.9990458015267176,85.42443054146358,0.010466022911293709,77105,909951,1119981,11.119616472807293,4.829245168192388,11.754449898076551,2607.3094555873927,220.93123209169053,12.177037271004423,66.78082191780823,33.21917808219178,5,2,1,40.27,66.34,High
275.0,349.0,278.0,326.0,-0.21203438395415472,317.6666666666667,319.0,0.8656873032528856,36.226141573915015,0.008506031549644293,79031,1036537,1119981,0.024978924842746903,0.13911298520469784,0.0,3769.2254545454543,287.38545454545454,2.6248879047882645,49.421965317919074,50.57803468208093,6,2,0,40.71,71.6,Low
304.0,275.0,349.0,278.0,0.10545454545454545,300.6666666666667,320.8333333333333,1.0110864745011086,41.884762543594945,0.008323522164115763,95507,959389,1119981,0.20847515531879895,-0.07442860216277856,0.0,3155.8848684210525,314.16776315789474,1.7632278551120628,62.975098296199214,37.02490170380079,7,3,0,41.18,72.93,High
601.0,304.0,275.0,349.0,0.9769736842105263,309.3333333333333,329.3333333333333,1.9428879310344829,37.28717384481337,0.014759332023575638,89565,922467,1119981,-0.06221533500162292,-0.03848491070879487,0.0,1534.8868552412646,149.02662229617306,1.0677626637736795,71.56940063091483,28.430599369085176,8,3,0,41.96,69.5,Medium
294.0,601.0,304.0,275.0,-0.5108153078202995,393.3333333333333,355.5,0.747457627118644,180.4281943969216,0.007362147543446687,112399,901212,1119981,0.2549433372411098,-0.02304147465437788,0.0,3065.3469387755104,382.3095238095238,1.2767632325267038,77.39825581395348,22.601744186046517,9,3,1,42.82,72.63,Low
341.0,294.0,601.0,304.0,0.1598639455782313,399.6666666666667,350.1666666666667,0.8532110091743119,174.43145740758268,0.009133031577255805,108647,767269,1119981,-0.03338107990284611,-0.14862540667456714,0.0,2250.0557184750733,318.61290322580646,1.0957068083947679,83.35071254779284,16.649287452207158,10,4,1,42.23,81.61,High
375.0,341.0,294.0,601.0,0.09970674486803519,412.0,360.6666666666667,0.9101941747572816,165.35718913914812,0.010803180456326342,117808,560414,1119981,0.08431894115806235,-0.2695990584788386,0.0,1494.4373333333333,314.1546666666667,1.137834783700513,87.02408702408702,12.975912975912976,11,4,0,42.99,80.3,High
290.0,375.0,341.0,294.0,-0.22666666666666666,336.6666666666667,365.0,0.8613861386138614,40.67349669420288,0.009697050759045008,88322,490571,1119981,-0.2502886051881027,-0.12462750752122538,0.0,1691.6241379310345,304.5586206896552,0.781947387370372,86.26172034243783,13.738279657562169,12,4,0,42.84,73.21,Medium
309.0,290.0,375.0,341.0,0.06551724137931035,335.3333333333333,367.5,0.9214711729622267,42.78239513320089,0.011613921671803352,100420,560309,1119981,0.13697606485360386,0.14215679279859592,0.0,1813.2977346278317,324.98381877022655,0.9570584890255641,87.5667022411953,12.433297758804695,1,1,0,43.53,83.47,High
857.0,309.0,290.0,375.0,1.773462783171521,324.6666666666667,368.3333333333333,2.639630390143737,44.61315202194675,0.02337697763229678,69814,583472,1119981,-0.304779924317865,0.04133968934998367,0.0,680.8308051341891,81.463243873979,0.6832229652585223,86.066763425254,13.933236574746008,2,1,0,43.18,92.36,High
410.0,857.0,309.0,290.0,-0.5215869311551925,485.3333333333333,411.0,0.8447802197802198,322.01293969859864,0.012183887551632938,90931,569733,1119981,0.30247514825106714,-0.023546973976471878,0.0,1389.5926829268292,221.7829268292683,1.0550635065517722,85.02389803505045,14.976101964949548,3,1,1,42.63,110.93,Medium
505.0,410.0,857.0,309.0,0.23170731707317074,525.3333333333334,430.3333333333333,0.9612944162436547,291.6373318581373,0.011480403746476311,90432,818736,1119981,-0.005487677469729795,0.43705209282242735,0.0,1621.259405940594,179.07326732673266,1.0387915685486186,89.5687885010267,10.431211498973306,4,2,1,43.71,102.82,Medium
786.0,505.0,410.0,857.0,0.5564356435643565,590.6666666666666,457.6666666666667,1.3306997742663658,235.4916842126985,0.013427404889215368,8982,94770,134390,-0.9006767515923567,-0.8842484024154306,-0.8800068929740772,120.57251908396947,11.427480916030534,0.10727893079382268,84.13312693498453,15.86687306501548,5,2,1,42.98,108.16,Low
1008.0,786.0,505.0,410.0,0.2824427480916031,567.0,526.1666666666666,1.7777777777777777,195.51726266496254,0.013313961167613261,9708,171425,134390,0.08082832331329326,0.8088530125567163,0.0,170.06448412698413,9.630952380952381,0.15300638314639206,77.19844357976655,22.801556420233464,6,2,0,43.67,113.27,Low
1756.0,1008.0,786.0,505.0,0.7420634920634921,766.3333333333334,645.8333333333334,2.291431056981296,252.07604672664414,0.02026988029689141,10868,129583,134390,0.11948908117016893,-0.24408341840455008,0.0,73.79441913439635,6.189066059225513,0.29878484631879915,75.83036773428232,24.169632265717677,7,3,0,43.7,103.14,Low
4401.0,1756.0,1008.0,786.0,1.50626423690205,1183.3333333333333,887.0,3.719154929577465,508.2138657428911,0.038784556678681276,12002,140259,134390,0.10434302539565697,0.08238735019254069,0.0,31.86980231765508,2.7271074755737335,1.2181473712700455,77.92447037150752,22.075529628492475,8,3,0,44.79,96.63,Low
4555.0,4401.0,1756.0,1008.0,0.03499204726198591,2388.3333333333335,1477.6666666666667,1.9071877180739705,1782.6935612531204,0.03635101272085934,11451,84727,134390,-0.04590901516413931,-0.395924682195082,0.0,18.600878155872667,2.5139407244785947,1.0544846215237276,87.9029577932868,12.097042206713194,9,3,1,46.0,90.95,Low
11358.0,4555.0,4401.0,1756.0,1.493523600439078,3570.6666666666665,2168.5,3.1809185959671398,1573.4326592941095,0.060988117036185854,11585,120037,134390,0.0117020347567898,0.416750268509448,0.0,10.568497974995598,1.0199859130128544,1.0126453191923313,82.44137101623572,17.558628983764283,10,4,1,44.44,91.16,Low
17914.0,11358.0,4555.0,4401.0,0.5772142982919528,6771.333333333333,3977.3333333333335,2.645564635226937,3972.916099458096,0.09731004063185798,11754,137239,134390,0.014587829089339664,0.1433058140406708,0.0,7.660991403371664,0.656134866584794,1.0063930589645527,86.01739130434783,13.982608695652171,11,4,0,43.02,86.26,Medium
29066.0,17914.0,11358.0,4555.0,0.6225298649101262,11275.666666666666,6832.0,2.5777633251544625,6679.8805628044975,0.12576912758647546,11473,202996,134390,-0.023906755147183937,0.4791422263350797,0.0,6.983967522190876,0.39472235601733985,0.9893360160965795,84.35114503816794,15.648854961832065,12,4,0,41.29,77.22,Low
49477.0,29066.0,17914.0,11358.0,0.7022294089313975,19446.0,11508.333333333334,2.5443278823408413,8952.853399894359,0.22777368566430348,11308,131105,134390,-0.014381591562799617,-0.3541498354647382,0.0,2.649817086727166,0.22855063969116962,0.9744915546363323,86.18400252924438,13.815997470755612,1,1,0,40.83,80.42,High
47970.0,49477.0,29066.0,17914.0,-0.03045859692382319,32152.333333333332,19461.833333333332,1.491960148045243,16006.2435422348,0.1913533954557059,10871,92066,134390,-0.038645206933144674,-0.2977689638076351,0.0,1.9192411924119241,0.22662080466958515,0.9443463153322716,91.2796880538816,8.720311946118397,2,1,0,43.57,82.11,Low
63504.0,47970.0,49477.0,29066.0,0.32382739212007505,42171.0,26723.333333333332,1.505868962082948,11374.24859056632,0.14341560579678725,12138,178759,134390,0.11654861558274308,0.9416396932635284,0.0,2.814925044091711,0.19113756613756613,1.0820753595625816,88.75122269318553,11.248777306814477,3,1,1,42.78,78.51,Low
77187.0,63504.0,47970.0,49477.0,0.21546674225245654,53650.333333333336,36548.166666666664,1.438704947468484,8566.727632727285,0.16837652889605362,12250,163989,134390,0.00922722029988466,-0.08262521047891296,0.0,2.124567608535116,0.1587054814929975,1.0708978057522511,79.2887029288703,20.711297071129707,4,2,1,43.85,83.44,Low
66654.0,77187.0,63504.0,47970.0,-0.1364608029849586,62887.0,47519.666666666664,1.0599010924356385,14618.269015174124,0.13093853624805518,12967,113391,182602,0.05853061224489796,-0.30854508534108993,0.3587469305751916,1.701188225762895,0.19454196297296486,1.103292776312431,86.4406779661017,13.559322033898304,5,2,1,43.24,74.96,Low
97365.0,66654.0,77187.0,63504.0,0.4607525429831668,69115.0,55643.0,1.4087390580915864,7165.787674777971,0.15827486653965447,19618,95600,182602,0.5129174057222179,-0.15689957756788458,0.0,0.9818723360550505,0.20148924151389103,1.575532057288181,87.67692017361767,12.323079826382337,6,2,0,42.59,74.99,High
103566.0,97365.0,66654.0,77187.0,0.06368818363888461,80402.0,67026.16666666667,1.2881022860127858,15605.881871909702,0.15137045465507337,12765,114436,182602,-0.34932205117749004,0.19702928870292888,0.0,1.104957225344225,0.12325473611030648,0.8541318166610906,87.77344920587355,12.22655079412646,7,3,0,41.05,80.45,Medium
98854.0,103566.0,97365.0,66654.0,-0.045497557113338354,89195.0,76041.0,1.1082908234766522,19765.768667066804,0.13211412808871936,15735,36846,182602,0.23266745005875442,-0.6780209025131951,0.0,0.3727315030246626,0.15917413559390617,1.04090407938258,88.94409937888199,11.055900621118012,8,3,0,41.56,86.46,Medium
92411.0,98854.0,103566.0,97365.0,-0.06517692759018351,99928.33333333333,84521.66666666667,0.9247727538068949,3237.0888670738113,0.1259345163954309,21363,88270,182602,0.35767397521449,1.3956467459154318,0.0,0.9551893172890673,0.23117377801343997,1.3319132133505134,90.23943876772914,9.760561232270856,9,3,1,42.04,93.25,Low
96845.0,92411.0,98854.0,103566.0,0.047981300927378776,98277.0,89339.5,0.9854289406473539,5599.839551272866,0.12766986835548502,25074,125470,182602,0.17371155736553856,0.42143423586722556,0.0,1.2955754039960763,0.25890856523310446,1.5085734913663438,88.82004681261186,11.179953187388133,10,4,1,41.94,89.75,Low
86141.0,96845.0,92411.0,98854.0,-0.1105271309824978,96036.66666666667,92615.83333333333,0.8969594946374648,3296.682322173797,0.12006015481921498,15452,70990,182602,-0.3837441174124591,-0.434207380250259,0.0,0.8241139527054481,0.17938031831532023,0.7456089558000386,82.57149841114642,17.42850158885358,11,4,0,41.24,83.55,Medium
80633.0,86141.0,96845.0,92411.0,-0.0639416770179125,91799.0,95863.66666666667,0.8783646880684974,5378.17924580428,0.1238136185306605,14153,83128,182602,-0.08406678747087756,0.17098182842653895,0.0,1.030942666154056,0.17552366896928057,0.6860508329428493,89.41997851772288,10.580021482277122,12,4,0,41.98,77.33,Medium
93589.0,80633.0,86141.0,96845.0,0.1606786303374549,87873.0,93075.0,1.0650484221547005,8243.60988887756,0.15487559677966523,10186,137634,182602,-0.28029393061541724,0.6556876142815898,0.0,1.4706215474040754,0.1088375770656808,0.5588617202216574,89.20435787388577,10.79564212611423,1,1,0,42.67,78.85,Medium
96704.0,93589.0,80633.0,86141.0,0.03328382609067305,86787.66666666667,91412.16666666667,1.1142597066403443,6502.162512067289,0.13384877513367022,9593,232129,182602,-0.058217160808953464,0.6865672726215906,0.0,2.400407428855063,0.09919961945731304,0.7232540021612928,86.70886075949366,13.291139240506327,2,1,0,42.43,80.88,Low
115578.0,96704.0,93589.0,80633.0,0.1951728987425546,90308.66666666667,91053.83333333333,1.2798107232233156,8522.89272097996,0.11388599576097913,12918,192662,182602,0.34660690086521423,-0.17002184130375783,0.0,1.6669435359670526,0.11176867569952759,1.142107744901568,82.69999999999999,17.299999999999997,3,1,1,42.53,84.18,Low
117606.0,115578.0,96704.0,93589.0,0.017546591911955563,101957.0,94915.0,1.1534862736251557,11898.50986468473,0.12733834215236295,12778,54792,182602,-0.010837590958352687,-0.7156055683009623,0.0,0.46589459721442783,0.1086509191707906,1.1724011377190569,84.73952434881087,15.260475651189129,4,2,1,42.66,89.17,Low
116956.0,117606.0,115578.0,96704.0,-0.0055269288981854665,109962.66666666667,98375.16666666667,1.0635973421282374,11527.028122345027,0.12194539587210727,12394,294598,201169,-0.03005165127562999,4.376660826398014,0.10168015684384618,2.518878894627039,0.10597147645268307,1.0536427782028395,86.01297764960346,13.987022350396538,5,2,1,42.63,84.04,Medium
144255.0,116956.0,117606.0,115578.0,0.23341256540921373,116713.33333333333,103511.0,1.2359770377563262,1035.54880779859,0.14336883721716073,11752,46428,201169,-0.051799257705341294,-0.8424021887453411,0.0,0.3218467297494021,0.08146684690305361,0.9255972696245734,82.66754704522945,17.332452954770552,6,2,0,42.9,82.56,Low
142721.0,144255.0,116956.0,117606.0,-0.01063394683026585,126272.33333333333,114114.66666666667,1.1302634253478594,15576.836981021956,0.1393865939007073,15280,64058,201169,0.30020422055820284,0.3797277504953907,0.0,0.44883373855284087,0.10706203011469931,1.2414689632759182,87.36794785345022,12.632052146549784,7,3,0,42.44,83.83,Medium
148735.0,142721.0,144255.0,116956.0,0.042138157664254036,134644.0,122303.33333333333,1.1046537536020915,15337.447538622582,0.13027731062994885,16939,80841,201169,0.10857329842931937,0.26199694027287773,0.0,0.543523716677312,0.11388711466702525,1.2889210165880383,86.7847117253293,13.215288274670698,8,3,0,41.89,77.6,Medium
126130.0,148735.0,142721.0,144255.0,-0.15198171244159075,145237.0,130975.16666666667,0.8684426144852896,3124.946719545772,0.12496544699941248,16900,41169,201169,-0.0023023791250959325,-0.49074108435076264,0.0,0.3264013319590898,0.1339887417743598,1.1530326806304154,86.92129629629629,13.078703703703704,9,3,1,41.78,73.52,Low
133433.0,126130.0,148735.0,142721.0,0.05790057876793784,139195.33333333334,132733.83333333334,0.9586025393571623,11707.657764614292,0.12799082991213598,20709,98598,201169,0.22538461538461538,1.3949573708372804,0.0,0.7389326478457353,0.15520148688855082,1.264826238319184,88.71956009426552,11.280439905734486,10,4,1,43.38,74.94,Low
119505.0,133433.0,126130.0,148735.0,-0.10438197447408062,136099.33333333334,135371.66666666666,0.8780718984663162,11535.965773758751,0.130707838095311,15912,95320,201169,-0.23163841807909605,-0.03324611046877218,0.0,0.7976235303962177,0.13314924061754738,0.875119161105815,89.6149843912591,10.385015608740895,11,4,0,43.14,72.61,Medium
118696.0,119505.0,133433.0,126130.0,-0.006769591230492448,126356.0,135796.5,0.9393776314539871,6966.749816090738,0.14290598949178174,19811,89154,201169,0.24503519356460532,-0.06468736886277801,0.0,0.7511120846532318,0.16690537170587047,1.1104613142504811,81.96690485144791,18.03309514855209,12,4,0,45.13,73.23,Medium
135434.0,118696.0,119505.0,133433.0,0.14101570398328503,123878.0,131536.66666666666,1.0932853291141285,8284.753406106935,0.1707543708575038,15850,42271,201169,-0.1999394275907324,-0.525865356574018,0.0,0.312115126186925,0.1170311738559003,0.8426070314715055,79.91886409736308,20.08113590263692,1,1,0,43.62,80.41,Medium
120015.0,135434.0,118696.0,119505.0,-0.11384881196745278,124545.0,130322.16666666667,0.9636276044803084,9438.822013365885,0.15228938472626866,16063,112162,201169,0.013438485804416403,1.6534030422748456,0.0,0.9345665125192685,0.13384160313294172,0.9343842708393927,86.95652173913044,13.043478260869565,2,1,0,43.88,77.92,Low
140017.0,120015.0,135434.0,118696.0,0.16666250052076823,124715.0,125535.5,1.1226957463015677,9306.3237102521,0.1254267350457976,18892,128369,201169,0.17611903131420034,0.14449635348870385,0.0,0.9168101016305163,0.13492647321396686,1.0957389219704587,82.25035525125953,17.749644748740472,3,1,1,44.48,72.49,Low
151613.0,140017.0,120015.0,135434.0,0.08281851489461994,131822.0,127850.0,1.1501342719728118,10478.78375576097,0.14159937537241366,20667,173530,201169,0.09395511327546051,0.3518061214156066,0.0,1.1445588438986103,0.13631416831010534,1.2203720106288751,76.5550780366433,23.44492196335671,4,2,1,44.48,67.74,Low
150272.0,151613.0,140017.0,120015.0,-0.008844887971348104,137215.0,130880.0,1.0951572349961738,15984.267390155845,0.13538322935201244,10209,18641,112658,-0.5060240963855421,-0.8925776522791448,-0.43998329762537963,0.12404839224872231,0.06793680792163544,0.5506274495703138,78.09842041312272,21.90157958687728,5,2,1,46.3,63.73,Medium
164885.0,150272.0,151613.0,140017.0,0.09724366482112436,147300.66666666666,136007.83333333334,1.1193771469692375,6343.376098997425,0.14320044327565423,13732,46812,112658,0.34508766774414734,1.5112386674534628,0.0,0.2839069654607757,0.08328228765503229,0.8277608101591385,78.64344637946837,21.356553620531624,6,2,0,46.59,69.26,Low
199280.0,164885.0,150272.0,151613.0,0.2085999332868363,155590.0,143706.0,1.280802108104634,8077.582497257302,0.15361549105232933,10008,115566,112658,-0.27119137780367025,1.4687259677005895,0.0,0.5799177037334404,0.050220794861501404,0.6730631276901003,74.88410144532315,25.115898554676846,7,3,0,47.17,70.87,Medium
191565.0,199280.0,164885.0,150272.0,-0.03871437173825773,171479.0,154347.0,1.1171338764513439,25160.61690420161,0.1417268832366983,10296,123998,112658,0.02877697841726619,0.07296263606943218,0.0,0.6472894317855559,0.053746770025839795,0.9098353412471648,76.92114515318936,23.07885484681065,8,3,0,46.1,69.39,Low
154992.0,191565.0,199280.0,164885.0,-0.19091692114947928,185243.33333333334,166272.0,0.8366940780594893,18047.89761532705,0.13008708730888802,9782,45751,112658,-0.04992229992229992,-0.6310343715221213,0.0,0.2951829771859193,0.06311293486115413,0.8622047244094487,78.65302237029985,21.34697762970014,9,3,1,46.13,70.01,Low
161049.0,154992.0,191565.0,199280.0,0.03907943635800557,181945.66666666666,168767.83333333334,0.8851488631221409,23659.1507948474,0.14078645084813327,9342,109960,112658,-0.04498057656920875,1.4034447334484492,0.0,0.6827735658091637,0.05800719035821396,0.9315296151033704,76.87952898550725,23.120471014492757,10,4,1,46.42,65.0,Low
158374.0,161049.0,154992.0,191565.0,-0.016609851660053774,169202.0,170340.5,0.9360054845687403,19602.286575805294,0.14645206929873636,8045,119566,112658,-0.13883536715906658,0.08735903965078211,0.0,0.7549597787515627,0.05079747938424236,0.8203602991162475,78.13653136531366,21.86346863468635,11,4,0,47.09,64.47,Low
163918.0,158374.0,161049.0,154992.0,0.035005745892633895,158138.33333333334,171690.83333333334,1.0365481698512904,3035.3692252065375,0.1581382066839098,6653,81636,112658,-0.17302672467371039,-0.31723065085392166,0.0,0.49802950255615613,0.040587366854158785,0.7346240200228201,76.62082514734774,23.37917485265226,12,4,0,45.9,62.05,Low
166779.0,163918.0,158374.0,161049.0,0.01745384887565734,161113.66666666666,171529.66666666666,1.035163580163901,2772.5656589755577,0.18034938983838963,7328,63899,112658,0.10145798887719826,-0.21726934195697975,0.0,0.38313576649338343,0.043938385528154024,0.9144758735440932,71.0625,28.9375,1,1,0,45.49,61.97,Medium
183753.0,166779.0,163918.0,158374.0,0.10177540337812314,163023.66666666666,166112.83333333334,1.1271553619004195,4273.275129608473,0.175188389990161,6676,104660,112658,-0.08897379912663755,0.6378973066871156,0.0,0.5695689322079095,0.036331379623734034,0.9092890220648324,71.35531135531136,28.64468864468864,2,1,0,45.57,68.4,Low
192138.0,183753.0,166779.0,163918.0,0.045631908050480806,171483.33333333334,164810.83333333334,1.12044707940519,10721.700906727872,0.1385510327257571,12564,97133,112658,0.8819652486518874,-0.07191859354098987,0.0,0.5055376864545275,0.06539050057770977,1.8246599215762211,70.45855379188713,29.54144620811288,3,1,1,47.48,128.52,Low
192854.0,192138.0,183753.0,166779.0,0.003726488253234654,180890.0,171001.83333333334,1.0661396428768866,12919.647711915171,0.14660697602111522,8023,168192,112658,-0.36142948105698824,0.7315639381054843,0.0,0.8721208790069171,0.041601418689786056,0.9059394760614273,72.62308998302207,27.37691001697793,4,2,1,46.64,105.7,Low
95815.0,102524.0,84275.0,57732.0,-0.06543833638952831,81510.33333333333,76027.83333333333,1.1754951314966202,22523.617656436396,0.09201425901704206,13418,95799,493224,-0.1427293636595962,-0.32728728222629505,6.135867127707288,0.999833011532641,0.14004070343891875,1.15506456241033,75.32541029994341,24.674589700056597,5,2,1,1190.0,69.38,Low
105398.0,95815.0,102524.0,84275.0,0.1000156551688149,94204.66666666667,79017.66666666667,1.1188193083145208,9230.459378239711,0.10104827591496444,12204,102241,493224,-0.09047548069757043,0.06724496080334867,0.0,0.9700468699595818,0.1157896734283383,0.9144998126639191,59.67460778617083,40.32539221382917,6,2,0,1156.8,61.78,Low
97428.0,105398.0,95815.0,102524.0,-0.07561813317140743,101245.66666666667,84746.83333333333,0.9622930364097887,4917.730608048127,0.09156655040868862,14946,69623,493224,0.22468043264503443,-0.3190305259142614,0.0,0.714609763107115,0.15340559182165292,1.086349760139555,40.693858415377406,59.306141584622594,7,3,0,1182.0,63.28,Low
86586.0,97428.0,105398.0,95815.0,-0.11128217760807982,99547.0,90528.66666666667,0.8698001948828191,5130.895925664451,0.07403164039087502,8579,806370,493224,-0.42600026763013515,10.581948494032144,0.0,9.312937426373779,0.09908068278936549,0.6344162887004536,67.61158021712907,32.38841978287093,8,3,0,1215.2,59.13,Low
90819.0,86586.0,97428.0,105398.0,0.04888781096251126,96470.66666666667,95337.66666666667,0.9414156980360178,9442.467968350935,0.08800657391732407,8511,104730,493224,-0.007926331740296071,-0.8701216563116188,0.0,1.153172794239091,0.09371387044561161,0.7146295726160822,75.10227936879018,24.89772063120982,9,3,1,1201.3,61.13,Low
101099.0,90819.0,86586.0,97428.0,0.11319217344388288,91611.0,96428.33333333333,1.1035683487790768,5464.218974382353,0.09101269959300447,37403,192598,493224,3.394665726706615,0.8389955122696457,0.0,1.9050435711530282,0.36996409460034224,3.502590835310276,72.82954267547078,27.170457324529224,10,4,1,1168.4,59.39,Low
82238.0,101099.0,90819.0,86586.0,-0.18655970880028486,92834.66666666667,96190.83333333333,0.8858544221986039,7463.509652524973,0.08166876868228448,25657,201922,493224,-0.31403898083041465,0.04841171767100385,0.0,2.45533694885576,0.31198472725504023,1.4124933477694384,57.69068689422672,42.309313105773285,11,4,0,1179.3,61.99,Low
77387.0,82238.0,101099.0,90819.0,-0.058987329458401225,91385.33333333333,93928.0,0.8468207881644028,9443.245222556354,0.07709788293897883,19959,234730,493224,-0.22208364189110186,0.16247858083814543,0.0,3.033196790158554,0.25791153552922325,0.836609800058683,69.4017094017094,30.5982905982906,12,4,0,1157.8,64.91,Low
67255.0,77387.0,82238.0,101099.0,-0.13092638298422216,86908.0,89259.5,0.773864316288489,12526.827651085492,0.07230002332778984,45398,220103,493224,1.2745628538503933,-0.06231414817023814,0.0,3.2726637424726785,0.6750130101851164,1.6405160264517762,29.420423183072675,70.57957681692733,1,1,0,1183.5,64.32,Low
42439.0,67255.0,77387.0,82238.0,-0.3689837186826258,75626.66666666667,84230.66666666667,0.5611644922425951,7645.041028884896,0.09829940796605302,79294,516078,493224,0.7466408211815498,1.344711339690963,0.0,12.160465609462994,1.8684229128867316,2.6136858065792077,18.4586035864174,81.5413964135826,2,1,0,1215.9,54.23,Medium
10570.0,42439.0,67255.0,77387.0,-0.7509366384693325,62360.333333333336,76872.83333333333,0.16949877325864196,17980.79523639968,0.29071206578838804,173626,772706,493224,1.1896486493303402,0.49726591716755997,0.0,73.10368968779565,16.426300851466415,3.6009291328784454,6.463502678876772,93.53649732112322,3,1,1,1222.6,33.71,High
6417.0,10570.0,42439.0,67255.0,-0.39290444654683065,40088.0,63498.0,0.1600728397525444,28415.53636657243,0.5886075949367089,54229,377483,493224,-0.6876677456141361,-0.511479139543371,0.0,58.82546361227988,8.450833722923484,0.5453475821103655,18.266614846482703,81.73338515351729,4,2,1,1225.2,20.39,High
8735.0,6417.0,10570.0,42439.0,0.3612279881564594,19808.666666666668,47717.666666666664,0.4409685996028674,19708.141524084243,0.6030376251294443,45838,97673,504747,-0.15473270759187888,-0.7412519239277,0.02336261009196633,11.181797366914711,5.247624499141385,0.44771104577908444,23.46133613887428,76.53866386112573,5,2,1,1239.4,30.47,High
9717.0,8735.0,6417.0,10570.0,0.11242129364625071,8574.0,35467.166666666664,1.1333100069979005,2081.1758695507447,0.6241649537512847,53205,45858,504747,0.160718181421528,-0.5304946095645675,0.0,4.719357826489658,5.475455387465267,0.5831899244774255,20.645905420991927,79.35409457900808,6,2,0,1200.7,40.8,High
11922.0,9717.0,8735.0,6417.0,0.22692188947205927,8289.666666666666,24188.833333333332,1.4381760424625036,1694.4737629522724,0.5229406088253356,49361,187841,504747,-0.07224884879240673,3.0961446203497753,0.0,15.75582955879886,4.140328803891965,0.9661451537136594,39.5839437445063,60.4160562554937,7,3,0,1191.4,43.3,Medium
13368.0,11922.0,9717.0,8735.0,0.12128837443381983,10124.666666666666,14966.666666666666,1.320339764272075,1632.1416400954995,0.42117202268431003,43141,203837,504747,-0.12601041307915156,0.08515712757065816,0.0,15.24812986235787,3.2271843207660083,0.8720991347942104,44.58265139116203,55.41734860883797,8,3,0,1185.1,44.0,Low
12426.0,13368.0,11922.0,9717.0,-0.07046678635547576,11669.0,10121.5,1.0648727397377666,1838.6019144992447,0.42891167029098065,41640,366433,504747,-0.03479288843559491,0.797676574910345,0.0,29.48921615966522,3.351038145823274,0.8573369844962836,54.12698412698413,45.87301587301587,9,3,1,1173.5,41.51,High
12366.0,12426.0,13368.0,11922.0,-0.004828585224529213,12572.0,10430.833333333334,0.9836143811644925,733.9727515380133,0.49212034383954156,40188,203354,504747,-0.034870317002881845,-0.445044523828367,0.0,16.444606178230632,3.2498786996603592,0.8987789059355011,55.68114217727543,44.31885782272457,10,4,1,1133.4,40.67,High
13100.0,12366.0,12426.0,13368.0,0.05935629953097202,12720.0,11422.333333333334,1.029874213836478,561.9857649445235,0.5477504599431343,43164,113084,504747,0.0740519558077038,-0.4439057013877278,0.0,8.63236641221374,3.2949618320610687,1.0361929758580126,69.32447397563676,30.67552602436323,11,4,0,1104.4,43.42,High
12102.0,13100.0,12366.0,12426.0,-0.07618320610687022,12630.666666666666,12149.833333333334,0.9581441993032831,407.5602204995167,0.5664934700182559,40915,143506,504747,-0.05210360485589843,0.2690212585334795,0.0,11.858039993389522,3.3808461411336967,0.9820228494623656,37.98846893017296,62.01153106982703,12,4,0,1088.0,49.84,High
12013.0,12102.0,13100.0,12366.0,-0.007354156337795406,12522.666666666666,12547.333333333334,0.9593004684838161,517.116363436331,0.5728113675376693,30518,53513,504747,-0.25411218379567396,-0.6271026995386952,0.0,4.454590859901773,2.540414550903188,0.7367523155785526,36.02430555555556,63.97569444444444,1,1,0,1114.6,54.82,High
11212.0,12013.0,12102.0,13100.0,-0.06667776575376676,12405.0,12562.5,0.9038291011688835,603.5304466224408,0.43992780349996075,32281,80052,504747,0.05776918539878105,0.49593556705847175,0.0,7.139850160542276,2.8791473421334284,0.8450744783894867,49.00332225913621,50.99667774086378,2,1,0,1108.4,60.89,Medium
12321.0,11212.0,12013.0,12102.0,0.09891188012843383,11775.666666666666,12203.166666666666,1.0463101876751493,490.1737787087562,0.3771927139139752,39914,214902,504747,0.23645488057990768,1.6845300554639484,0.0,17.441928414901387,3.2395097800503208,1.1545403706346298,64.35246995994659,35.647530040053404,3,1,1,1133.5,64.44,High
12944.0,12321.0,11212.0,12013.0,0.050564077591104616,11848.666666666666,12185.666666666666,1.0924435942159456,572.4721245035605,0.4180608487823784,44582,157003,504747,0.11695144560805733,-0.2694204800327591,0.0,12.129403584672435,3.444221260815822,1.3021331282310906,56.17081182543407,43.82918817456593,4,2,1,1107.4,62.92,High
17278.0,12944.0,12321.0,11212.0,0.33482694684796044,12159.0,12282.0,1.421005016859939,877.2907157837047,0.5181431056198644,35891,125467,561053,-0.19494414786236597,-0.20086240390311014,0.11155291660970744,7.261662229424702,2.0772658872554692,0.9220394426984766,63.02555647155812,36.97444352844188,5,2,1,1116.0,66.34,High
18159.0,17278.0,12944.0,12321.0,0.05098969788169927,14181.0,12978.333333333334,1.2805161836259784,2700.109071871037,0.5616764614908754,48902,200076,561053,0.362514279345797,0.5946503861573162,0.0,11.01800759953742,2.6929897020761056,1.2186199506591244,56.53305570015617,43.46694429984383,6,2,0,1130.0,71.6,High
21775.0,18159.0,17278.0,12944.0,0.1991299080345834,16127.0,13987.833333333334,1.3502201277360948,2791.533091331761,0.5961996550119103,63168,66700,561053,0.2917263097623819,-0.6666266818608929,0.0,3.063145809414466,2.9009414466130883,1.4647652173913044,80.08522727272728,19.914772727272727,7,3,0,1147.4,72.93,High
20561.0,21775.0,18159.0,17278.0,-0.055752009184845006,19070.666666666668,15614.833333333334,1.0781479409914003,2383.087143461937,0.5049361493123772,51455,290283,561053,-0.18542616514690982,3.3520689655172413,0.0,14.118136277418413,2.5025533777540003,1.0432816755766723,73.4004251073613,26.5995748926387,8,3,0,1164.4,69.5,High
19227.0,20561.0,21775.0,18159.0,-0.06488011283497884,20165.0,17173.0,0.9534837589883461,1840.2380280823022,0.48146942455050834,60326,459257,561053,0.17240307064425225,0.5821009153136767,0.0,23.88604566495033,3.1375669631247725,1.1067298578199052,75.66875766097051,24.33124233902949,9,3,1,1184.9,72.63,High
21607.0,19227.0,20561.0,21775.0,0.1237842617152962,20521.0,18324.0,1.0529213975927099,1274.4708705969863,0.5787020917588451,49127,566163,561053,-0.1856413486722143,0.23278033867747253,0.0,26.202758365344565,2.2736613134632293,0.8424226488862468,79.48572124954299,20.514278750457,10,4,1,1171.7,81.61,High
20123.0,21607.0,19227.0,20561.0,-0.06868144582774101,20465.0,19767.833333333332,0.9832885414121671,1192.9006664430362,0.57971306752708,48790,96808,561053,-0.00685977161235166,-0.8290103733377137,0.0,4.81081349699349,2.424588779009094,0.9096502349168469,78.70320998187054,21.296790018129467,11,4,0,1193.4,80.3,Medium
16805.0,20123.0,21607.0,19227.0,-0.16488595139889678,20319.0,20242.0,0.8270584182292435,1202.044924285378,0.5619273724336253,46517,51487,561053,-0.046587415453986473,-0.46815345839186845,0.0,3.0637905385301996,2.768045224635525,0.8818778713750371,67.31185381101227,32.68814618898774,12,4,0,1185.5,73.21,High
15570.0,16805.0,20123.0,21607.0,-0.07349003272835465,19511.666666666668,20016.333333333332,0.7979841120697019,2458.677964543868,0.5852063444335864,38935,255383,561053,-0.16299417417288303,3.960145279390914,0.0,16.402247912652538,2.5006422607578678,0.8087084758436379,79.71510262432349,20.284897375676504,1,1,0,1202.4,83.47,High
15845.0,15570.0,16805.0,20123.0,0.017662170841361593,17499.333333333332,18982.166666666668,0.905463065259629,2354.5756163974806,0.432214948172395,35207,49498,561053,-0.09574932579940927,-0.8061813041588516,0.0,3.123887661722941,2.2219627642789526,0.7867954887442081,73.63095918600663,26.36904081399337,2,1,0,1202.7,92.36,Low
16968.0,15845.0,15570.0,16805.0,0.07087409277374566,16073.333333333334,18196.166666666668,1.0556615512235588,648.3890293130902,0.504234643844165,41667,342296,561053,0.1834862385321101,5.915350115156168,0.0,20.173031588873172,2.4556223479490806,1.0359857117993685,68.68204567681067,31.317954323189323,3,1,1,1210.8,110.93,High
30882.0,16968.0,15845.0,15570.0,0.82001414427157,16127.666666666666,17819.666666666668,1.9148461236384682,740.625636427454,0.702055105937983,41068,137856,561053,-0.014375884992920057,-0.597260850258256,0.0,4.463959588109579,1.3298361505083867,1.0638551407921664,76.99948796722991,23.0005120327701,4,2,1,1269.4,102.82,High
42490.0,30882.0,16968.0,15845.0,0.37588239103684995,21231.666666666668,19365.5,2.001255985556166,8376.27496762932,0.7258656917846832,64905,527237,798025,0.5804275835200156,2.824548804549675,0.42237007911908503,12.40849611673335,1.5275358907978347,1.6509385969374777,75.6423112832394,24.35768871676061,5,2,1,1245.8,108.16,High
55444.0,42490.0,30882.0,16968.0,0.30487173452577077,30113.333333333332,23093.333333333332,1.8411777728580918,12778.351119504174,0.7323206973979659,47046,1010135,798025,-0.27515599722671596,0.9159030948131486,0.0,18.219013779669577,0.8485318519587332,0.9559604443240314,69.27434807964676,30.725651920353247,6,2,0,1292.9,113.27,High
53942.0,55444.0,42490.0,30882.0,-0.02709039751821658,42938.666666666664,29533.166666666668,1.2562569867097255,12287.145206814053,0.6226639424686313,74850,710577,798025,0.5909960464226501,-0.29655244101036,0.0,13.17298209187646,1.3876014979051574,1.4674648246296211,69.63058882774001,30.36941117225999,7,3,0,1304.0,103.14,Medium
50299.0,53942.0,55444.0,42490.0,-0.06753550109376738,50625.333333333336,35928.5,0.9935539519081356,7085.31843556333,0.44326844271324456,81590,399769,798025,0.09004676018704075,-0.43740228011883303,0.0,7.947851845961153,1.6220998429392235,1.3103248911943726,72.9416930652699,27.05830693473011,8,3,0,1347.5,96.63,High
60435.0,50299.0,53942.0,55444.0,0.2015149406548838,53228.333333333336,41670.833333333336,1.1353915521182327,2645.703372136337,0.4822993312371315,73312,389881,798025,-0.1014585120725579,-0.02473428404903832,0.0,6.451245139405973,1.2130718954248365,1.0808409423744139,77.55302194434228,22.44697805565772,9,3,1,1434.8,90.95,High
73560.0,60435.0,50299.0,53942.0,0.21717547778605112,54892.0,48915.333333333336,1.3400859870290753,5134.345040996003,0.3949890728281239,68908,296226,798025,-0.060072020951549544,-0.24021432180588437,0.0,4.02699836867863,0.9367591082109842,0.8997701869842265,72.22605965463109,27.77394034536892,10,4,1,1419.3,91.16,High
64861.0,73560.0,60435.0,50299.0,-0.11825720500271887,61431.333333333336,56028.333333333336,1.0558292727923861,11662.462875968075,0.3523292701475349,73908,264816,798025,0.0725605154699019,-0.10603390654432764,0.0,4.082823268219731,1.1394828941891122,0.9906795942987356,78.62217082438461,21.3778291756154,11,4,0,1331.5,86.26,High
63352.0,64861.0,73560.0,60435.0,-0.023265136214366107,66285.33333333333,59756.833333333336,0.9557468721084604,6677.420934262983,0.2741252931555217,61801,430441,798025,-0.16381176597932565,0.6254342637907075,0.0,6.7944342720040405,0.975517742139159,0.8578388732602902,73.3993733582302,26.600626641769782,12,4,0,1267.3,77.22,High
49120.0,63352.0,64861.0,73560.0,-0.22464957696678872,67257.66666666667,61074.833333333336,0.7303256629975269,5509.884239558355,0.22613019059018508,58369,420344,798025,-0.05553308198896458,-0.023457337939462086,0.0,8.557491856677524,1.188293973941368,0.8557793340729264,86.62887629209737,13.371123707902637,1,1,0,1228.7,80.42,Medium
46204.0,49120.0,63352.0,64861.0,-0.05936482084690554,59111.0,60271.166666666664,0.7816480858046726,8685.293950120535,0.18430878223129946,57324,259104,798025,-0.017903339101235243,-0.3835905829511067,0.0,5.607826162237036,1.240671803307073,0.8860973423056709,86.5315852205006,13.468414779499405,2,1,0,1317.4,82.11,Medium
86430.0,46204.0,49120.0,63352.0,0.8706172625746689,52892.0,59588.666666666664,1.63408454964834,9175.20920742413,0.19519102432943314,60316,588219,798025,0.05219454329774614,1.2702042423119675,0.0,6.805727178063172,0.6978595395117436,1.0194598127260641,89.80163076548618,10.198369234513812,3,1,1,1303.8,78.51,High
108818.0,86430.0,46204.0,49120.0,0.2590304292491033,60584.666666666664,63921.166666666664,1.796131034255092,22430.151701077135,0.23737672304158422,75696,282849,798025,0.25499038397771734,-0.5191433802716335,0.0,2.5992850447536253,0.6956202098917459,1.2902067507911528,72.96929964822513,27.03070035177487,4,2,1,1339.9,83.44,Medium
101915.0,108818.0,86430.0,46204.0,-0.06343619621753754,80484.0,69797.5,1.2662765270115799,31727.66042430484,0.2002070531659097,74749,761785,998571,-0.012510568590150074,1.6932568260803467,0.2513029040443595,7.474709316587353,0.7334445371142618,1.1598822774858277,88.86445847223207,11.135541527767929,5,2,1,1322.2,74.96,Medium
121378.0,101915.0,108818.0,86430.0,0.19097286954815287,99054.33333333333,75973.16666666667,1.225367895733991,11464.867916087473,0.1973099856298483,141537,543906,998571,0.8934969029686016,-0.2860111448768353,0.0,4.481092125426354,1.1660844634118208,2.014656411764985,88.93610993058508,11.063890069414931,6,2,0,1312.8,74.99,Low
104823.0,121378.0,101915.0,108818.0,-0.136392097414688,110703.66666666667,85644.16666666667,0.9468792060485801,9867.567903659503,0.15320766630273214,77134,423947,998571,-0.4550258942891258,-0.22055097755862227,0.0,4.0444081928584374,0.7358499565934957,0.7925214568021317,86.73222390317702,13.267776096822995,7,3,0,1280.0,80.45,Low
83250.0,104823.0,121378.0,101915.0,-0.20580406971752382,109372.0,94928.0,0.7611637347767253,10498.6733923862,0.11126005182780552,92956,425851,998571,0.20512355122254777,0.004491127428664432,0.0,5.115327327327328,1.1165885885885887,0.9504055619930475,89.21355819001504,10.786441809984971,8,3,0,1321.4,86.46,Low
96925.0,83250.0,104823.0,121378.0,0.16426426426426427,103150.33333333333,101102.33333333333,0.9396479571886988,19118.95541951316,0.132086039558355,80796,543890,998571,-0.13081457894057402,0.27718380372477697,0.0,5.611452153727108,0.8335929842661852,0.7778145025944478,89.24027626317704,10.759723736822972,9,3,1,1344.8,93.25,Medium
115763.0,96925.0,83250.0,104823.0,0.19435646118132577,94999.33333333333,102851.5,1.2185664460803234,10914.656491769781,0.1526092928952038,83364,663618,998571,0.0317837516708748,0.22013274743054662,0.0,5.7325570346311,0.7201264652781977,0.9968352159945154,93.64630699274916,6.35369300725083,10,4,1,1352.8,89.75,High
93498.0,115763.0,96925.0,83250.0,-0.1923326105923309,98646.0,104009.0,0.9478133933459035,16324.679874349718,0.130314070596893,91169,290191,998571,0.09362554579914592,-0.5627137901624127,0.0,3.1037134484160087,0.9750903762647329,1.06374943605221,67.74193548387096,32.25806451612903,11,4,0,1289.0,83.55,Low
78291.0,93498.0,115763.0,96925.0,-0.16264519027144966,102062.0,102606.16666666667,0.7670925515862906,11988.500031279917,0.12021742969235848,59354,150769,998571,-0.34896730248220337,-0.48044908353463756,0.0,1.9257513635028292,0.758120345889055,0.6973825926549667,89.99564396689415,10.004356033105852,12,4,0,1289.4,77.33,Low
61754.0,78291.0,93498.0,115763.0,-0.21122478956712776,95850.66666666667,95425.0,0.6442730358335188,18846.45792538567,0.10219350141075817,75604,662903,998571,0.27378104255821006,3.3968123420597074,0.0,10.734575897917544,1.2242769699128802,0.9697503495277635,88.95906816503978,11.040931834960215,1,1,0,1330.6,78.85,Low
62607.0,61754.0,78291.0,93498.0,0.013812870421349224,77847.66666666667,88246.83333333333,0.8042244897085333,15876.64298059679,0.08665484638477924,68855,332296,998571,-0.08926776361039099,-0.4987260579602144,0.0,5.307649304390883,1.0997971472838501,0.9134910912894081,89.81469809655867,10.18530190344132,2,1,0,1334.0,80.88,Low
119955.0,62607.0,61754.0,78291.0,0.9159998083281422,67550.66666666667,84806.33333333333,1.775778181315753,9311.174594718645,0.11819891866538833,82835,145032,998571,0.20303536417108417,-0.5635457543876544,0.0,1.2090533950231337,0.6905506231503481,1.2192794375236122,86.35553972212327,13.644460277876735,3,1,1,1346.8,84.18,High
122728.0,119955.0,62607.0,61754.0,0.02311700220916177,81438.66666666667,88644.66666666667,1.5069991322713208,33358.84968540332,0.13288420706150367,70218,370957,998571,-0.15231484275970303,1.5577596668321474,0.0,3.022594680920409,0.572143276187993,0.9267908523762175,88.59118409680208,11.408815903197926,4,2,1,1378.7,89.17,Medium
122694.0,122728.0,119955.0,62607.0,-0.0002770353953458054,101763.33333333333,89805.5,1.2056798453929052,33938.71259098277,0.12792818154803798,74751,461087,989588,0.06455609672733487,0.24296616588984707,-0.008995855076904898,3.7580240272547965,0.6092473959606827,1.010567442363502,74.6583365872706,25.341663412729403,5,2,1,1376.5,84.04,Low
151721.0,122694.0,122728.0,119955.0,0.23658043588113517,121792.33333333333,94671.5,1.2457352269026238,1591.2681525533908,0.1507889733556885,76375,481013,989588,0.02172546186673088,0.043215271738305354,0.0,3.17037852373765,0.5033910928612387,1.0057988446208144,88.5849157815685,11.4150842184315,6,2,0,1389.2,82.56,Medium
120874.0,151721.0,122694.0,122728.0,-0.2033139776299919,132381.0,106909.83333333333,0.9130766499724281,16748.93993660484,0.11805000771543145,78752,373357,989588,0.0311227495908347,-0.22381099887113237,0.0,3.0888114896503795,0.6515214189982957,1.0673702472170017,87.49384135325998,12.506158646740024,7,3,0,1384.6,83.83,Low
102057.0,120874.0,151721.0,122694.0,-0.15567450402898886,131763.0,116763.16666666667,0.7745497597959974,17308.07392519447,0.08939194870716838,84751,310076,989588,0.07617584315318976,-0.16949193399347007,0.0,3.038262931499064,0.8304280941042751,1.1060345052593115,88.98063074248822,11.019369257511794,8,3,0,1335.3,77.6,Low
109695.0,102057.0,120874.0,151721.0,0.0748405302918957,124884.0,123338.16666666667,0.8783751321226098,25073.657471537685,0.10868219066519108,88414,495432,989588,0.043220728958950336,0.5977760291025426,0.0,4.516450157254205,0.8059984502484161,1.1057370830172004,90.00166546383169,9.998334536168322,9,3,1,1319.6,73.52,Medium
141152.0,109695.0,102057.0,120874.0,0.286767856328912,110875.33333333333,121628.16666666667,1.2730694533800726,9463.866140924261,0.13539500441238536,90201,603509,989588,0.020211731173796006,0.21814699090894413,0.0,4.275596520063478,0.6390345159827704,1.0741752243794584,93.07175680452455,6.928243195475433,10,4,1,1383.3,74.94,High
108982.0,141152.0,109695.0,102057.0,-0.22791033779188394,117634.66666666667,124698.83333333333,0.9264445854963389,20721.57055662847,0.11919837338440387,61646,453774,989588,-0.31657076972539105,-0.24810731902921082,0.0,4.163751812225872,0.5656530436218825,0.7022090930492166,72.71502082822838,27.284979171771624,11,4,0,1394.7,72.61,Low
95889.0,108982.0,141152.0,109695.0,-0.12013910554036446,119943.0,122413.5,0.7994547410019759,18370.992161557268,0.11544712902184959,73295,376090,989588,0.18896603185932584,-0.17119535275269188,0.0,3.922139140047346,0.7643733900655967,0.9151922284515589,68.97451963241437,31.02548036758563,12,4,0,1470.0,73.23,Low
74262.0,95889.0,108982.0,141152.0,-0.22554203297562808,115341.0,113108.16666666667,0.6438473743074883,23291.896723968166,0.09362908197808488,81557,465835,989588,0.11272255951974897,0.23862639261878807,0.0,6.272858258597937,1.0982332821631522,1.0867408124650222,66.23134328358209,33.76865671641791,1,1,0,1433.3,80.41,Low
72445.0,74262.0,95889.0,108982.0,-0.024467426139883116,93044.33333333333,105339.5,0.778607330555685,17533.929859941127,0.09192687977748226,87443,163277,989588,0.07217038390328237,-0.6494960662036987,0.0,2.253806335840983,1.2070260197391125,1.2116924867666214,91.67779421848496,8.32220578151503,2,1,0,1439.6,77.92,Medium
132117.0,72445.0,74262.0,95889.0,0.8236869349161433,80865.33333333333,100404.16666666667,1.633790334547973,13042.556970676282,0.11834994289297472,103445,569963,989588,0.1829992109145386,2.490773348358924,0.0,4.314077673577208,0.7829802372139846,1.280814709341918,78.32371873399113,21.676281266008864,3,1,1,1466.5,72.49,High
153381.0,132117.0,72445.0,74262.0,0.1609482504144054,92941.33333333333,104141.16666666667,1.650299113419218,33939.28426371622,0.14325060380044044,88958,610420,989588,-0.14004543477210113,0.07098180057301966,0.0,3.9797628128646965,0.5799805712571962,0.9795518361504156,66.91753543399321,33.08246456600679,4,2,1,1438.5,67.74,Medium
132324.0,153381.0,132117.0,72445.0,-0.1372855829600798,119314.33333333333,106179.33333333333,1.1090369136985498,41959.38785699014,0.11921349579945495,58112,1080178,678784,-0.3467479035050248,0.7695652173913043,-0.31407413994510847,8.163129893292222,0.4391644750763278,0.6229712055916469,75.1470279353077,24.85297206469229,5,2,1,1381.4,63.73,Low
166242.0,132324.0,153381.0,132117.0,0.2563253831504489,139274.0,110069.66666666667,1.193632695262576,12217.45877832196,0.1443789798406848,77962,1330089,678784,0.3415817731277533,0.2313609423632031,0.0,8.00092034503916,0.46896692773186077,0.9336207412729777,80.67296297626315,19.32703702373685,6,2,0,1356.4,69.26,High
131832.0,166242.0,132324.0,153381.0,-0.20698740390515033,150649.0,121795.16666666667,0.8750937609940989,17123.245866365265,0.10162302999001746,55969,670744,678784,-0.2820989712937072,-0.4957149483981899,0.0,5.08786940955155,0.4245479094605255,0.7461472146183653,73.1661297745053,26.83387022549471,7,3,0,1382.9,70.87,Low
111754.0,131832.0,166242.0,132324.0,-0.1522998968384004,143466.0,131390.16666666666,0.7789580806602261,19726.128560870628,0.0826797489584944,54832,2749630,678784,-0.020314817130911756,3.099373233305106,0.0,24.604309465433005,0.49064910428262076,0.8565581666605916,66.67234695181699,33.32765304818302,8,3,0,1388.6,69.39,Medium
121682.0,111754.0,131832.0,166242.0,0.08883798342788625,136609.33333333334,137941.66666666666,0.8907297695618649,27556.35537100888,0.10212950963869175,66436,525491,678784,0.2116282462795448,-0.8088866502038456,0.0,4.318559852730889,0.5459805065662957,1.0558637021026367,59.2115511353424,40.7884488646576,9,3,1,1402.2,70.01,Medium
148951.0,121682.0,111754.0,131832.0,0.22410052431748329,121756.0,136202.5,1.2233565491639016,10039.20455016225,0.13021057342970338,73355,2614961,678784,0.1041453428863869,3.976224140851128,0.0,17.555847224926318,0.49247739189397854,1.241642546420894,70.03621801478165,29.96378198521834,10,4,1,1423.2,65.0,High
132651.0,148951.0,121682.0,111754.0,-0.10943196084618431,127462.33333333333,135464.16666666666,1.040707450828611,19260.40997313741,0.12266542137312107,50189,2930399,678784,-0.31580669347692725,0.12062818527695059,0.0,22.091043414674598,0.37835372518865296,0.7736341542366524,73.99116997792494,26.00883002207506,11,4,0,1464.8,64.47,Medium
105599.0,132651.0,148951.0,121682.0,-0.20393363035333317,134428.0,135518.66666666666,0.7855431904067605,13721.07455704534,0.10187555050460712,44655,1559360,678784,-0.11026320508477953,-0.4678676862775342,0.0,14.766806503849468,0.4228733226640404,0.7051531740183178,84.57159478101886,15.428405218981135,12,4,0,1434.9,62.05,Low
76212.0,105599.0,132651.0,148951.0,-0.27828862015738787,129067.0,125411.5,0.5904840121797206,21897.094967141136,0.08241317970705754,50300,1641838,678784,0.12641361549658492,0.052892212189616254,0.0,21.54303784180969,0.6600010497034587,0.8971515882971955,71.26115264046298,28.73884735953701,1,1,0,1427.0,61.97,Low
80540.0,76212.0,105599.0,132651.0,0.05678895711961371,104820.66666666667,116141.5,0.7683599290216305,28227.54917334011,0.07678608202210341,51850,3433670,678784,0.030815109343936383,1.0913573689974285,0.0,42.63310156444003,0.6437794884529426,1.0716943173675797,66.89267318406391,33.10732681593609,2,1,0,1424.5,68.4,Low
152416.0,80540.0,76212.0,105599.0,0.8924261236652595,87450.33333333333,110939.16666666667,1.7428864383974143,15865.48052639238,0.10990743217858516,60349,2003466,678784,0.16391513982642236,-0.41652342828518757,0.0,13.144722338862062,0.39594924417384003,1.233248186369674,58.74888293118856,41.25111706881144,3,1,1,1513.4,128.52,High
173457.0,152416.0,80540.0,76212.0,0.13804981104346,103056.0,116061.5,1.68313344201211,42801.753422027,0.13186144046633508,34775,3475573,678784,-0.42376841372682233,0.73478012604157,0.0,20.037087001389395,0.2004819638296523,0.6420039507935433,58.51639397692458,41.48360602307542,4,2,1,1476.1,105.7,Medium
286273.0,290092.0,375119.0,213200.0,-0.013164789101388526,292803.6666666667,273906.0,0.9776960898713699,80993.55216517756,0.2749172673546489,51751,432200,1054470,-0.01539193302891933,-0.14421264395127437,2.0732620055900277,1.509747688395343,0.18077499449825865,1.0476688553131472,79.1036016556496,20.89639834435041,5,2,1,1085.82,69.38,High
282476.0,286273.0,290092.0,375119.0,-0.013263563102353349,317161.3333333333,271621.8333333333,0.8906382030596416,50229.120381839624,0.2708183531694671,45834,628010,1054470,-0.11433595486077563,0.45305414160111057,0.0,2.223233124230023,0.16225803254081764,0.9031685977772523,79.98773138960054,20.01226861039945,6,2,0,1073.35,61.78,High
274830.0,282476.0,286273.0,290092.0,-0.02706778628980869,286280.3333333333,275614.3333333333,0.9600030739100719,3808.005295865033,0.2582957163117368,71621,1586810,1054470,0.5626172710215124,1.5267272814127164,0.0,5.773787432230834,0.26060109886111416,1.4310366645575943,83.66564602068617,16.334353979313835,7,3,0,1088.45,63.28,High
329652.0,274830.0,282476.0,286273.0,0.19947603973365352,281193.0,286998.3333333333,1.1723335929415029,5828.389914890969,0.2818547838926932,112260,936928,1054470,0.5674173775847866,-0.4095524984087572,0.0,2.8421729581498063,0.3405409340759346,1.9903549519520585,74.04568853510519,25.954311464894825,8,3,0,1140.66,59.13,High
251119.0,329652.0,274830.0,282476.0,-0.23823001225534807,295652.6666666667,306407.0,0.8493716726158397,29691.435285841868,0.2433425036120691,75789,671943,1054470,-0.3248797434526991,-0.28282322654462244,0.0,2.675795140949112,0.3018051202816195,0.9897786387480138,79.37613629399628,20.62386370600372,9,3,1,1113.4,61.13,Medium
248541.0,251119.0,329652.0,274830.0,-0.010266049163942194,285200.3333333333,285740.3333333333,0.8714611132993066,40280.465269573724,0.22374491705699287,72320,1022868,1054470,-0.04577181385161435,0.5222541197690875,0.0,4.115489999637886,0.29097814847449716,0.8355220087033542,85.37950410274706,14.620495897252944,10,4,1,1074.05,59.39,Medium
258522.0,248541.0,251119.0,329652.0,0.04015836421355028,276437.3333333333,278815.1666666667,0.9351920628183362,46103.27626463584,0.2567325739595023,72371,920164,1054470,0.0007051991150442478,-0.10040787276559635,0.0,3.5593257053558305,0.27994135895591093,0.8338665509334828,83.83452941048934,16.165470589510655,11,4,0,1076.89,61.99,High
255356.0,258522.0,248541.0,251119.0,-0.012246539946310179,252727.33333333334,274190.0,1.0104011965464756,5181.229808967464,0.2544019925280199,89449,910057,1054470,0.2359784996752843,-0.010983911563590838,0.0,3.5638755306317456,0.3502913579473363,1.2171035921625546,81.42380221961562,18.576197780384373,12,4,0,1063.47,64.91,High
203969.0,255356.0,258522.0,248541.0,-0.20123670483560205,254139.66666666666,269670.0,0.8025862419483251,5100.45981587279,0.21926939942228782,123025,797701,1054470,0.3753647329763329,-0.12346039863437125,0.0,3.910893322024425,0.603155381455025,1.5763005039719824,54.44386590299195,45.55613409700805,1,1,0,1086.68,64.32,Medium
211199.0,203969.0,255356.0,258522.0,0.035446562958096575,239282.33333333334,257859.83333333334,0.8826351576310829,30623.18602518904,0.48919005308849006,131761,436979,1054470,0.0710099573257468,-0.45220201554216427,0.0,2.069039152647503,0.6238713251483198,1.3877126156330637,55.69081326857497,44.30918673142503,2,1,0,1109.95,54.23,High
8347.0,211199.0,203969.0,255356.0,-0.960478032566442,223508.0,238117.66666666666,0.03734541940333232,27817.073048759106,0.2295717704007261,136462,849305,1054470,0.0356782355932332,0.9435831012474284,0.0,101.74973044207499,16.34862824967054,1.1892631487210772,48.384060835356784,51.61593916464321,3,1,1,1130.83,33.71,Medium
360.0,8347.0,211199.0,203969.0,-0.9568707319995208,141171.66666666666,197655.66666666666,0.0025500867737860526,115086.32534464439,0.03302146395156852,71827,702282,1054470,-0.4736483416628805,-0.1731097779949488,0.0,1950.7833333333333,199.51944444444445,0.5507529750950804,58.55350172586212,41.44649827413788,4,2,1,1147.14,20.39,Low
413.0,360.0,8347.0,211199.0,0.14722222222222223,73302.0,156292.16666666666,0.00563422553272762,119489.0580722771,0.02851225405591992,86407,701180,816704,0.20298773441741963,-0.0015691702193705661,-0.2254838923819549,1697.772397094431,209.21791767554478,0.7623026025584473,65.30807441917868,34.69192558082133,5,2,1,1150.63,30.47,High
498.0,413.0,360.0,8347.0,0.20581113801452786,3040.0,113274.0,0.16381578947368422,4596.073215258366,0.03198869475847893,60633,627893,816704,-0.29828601849387204,-0.10451952423058274,0.0,1260.8293172690762,121.75301204819277,0.6172428536525776,64.39714312564608,35.60285687435392,6,2,0,1116.05,40.8,High
755.0,498.0,413.0,360.0,0.5160642570281124,423.6666666666667,70797.66666666667,1.7820613690007867,69.61561138807393,0.033116940082463374,68304,1317049,816704,0.1265152639651675,1.0975691718174911,0.0,1744.435761589404,90.46887417218544,0.9362398168750885,66.24849306811332,33.751506931886674,7,3,0,1137.32,43.3,High
1275.0,755.0,498.0,413.0,0.6887417218543046,555.3333333333334,36928.666666666664,2.2959183673469385,178.06272307511145,0.04017013232514178,65889,1593993,816704,-0.03535664089950808,0.21027615525314547,0.0,1250.1905882352942,51.67764705882353,0.9179127349728806,61.47532845749082,38.52467154250918,8,3,0,1123.0,44.0,High
794.0,1275.0,755.0,498.0,-0.3772549019607843,842.6666666666666,1941.3333333333333,0.942246835443038,395.84887690746166,0.027406717061889477,50556,1106963,816704,-0.23270955698219734,-0.30554086498497796,0.0,1394.1599496221663,63.67254408060453,0.7784792584152013,69.25783917222543,30.74216082777457,9,3,1,1112.06,41.51,Medium
927.0,794.0,1275.0,755.0,0.16750629722921914,941.3333333333334,682.5,0.9847733711048158,289.62101675964425,0.03689111747851003,72815,1245093,816704,0.4402840414589762,0.12478285182070223,0.0,1343.1423948220065,78.54908306364617,1.1823879966873976,62.11069078095041,37.88930921904959,10,4,1,1083.5,40.67,High
1254.0,927.0,794.0,1275.0,0.35275080906148865,998.6666666666666,777.0,1.2556742323097463,248.37941410045462,0.052433517310587055,63526,1200951,816704,-0.12756986884570487,-0.03545277340728765,0.0,957.6961722488038,50.65869218500797,1.0069639649159887,60.71960080539262,39.28039919460738,11,4,0,1061.57,43.42,High
951.0,1254.0,927.0,794.0,-0.24162679425837322,991.6666666666666,917.1666666666666,0.9589915966386555,236.71994708702883,0.044516219632074146,70367,1324592,816704,0.10768819066209111,0.10295257674959261,0.0,1392.8412197686646,73.99263932702418,1.1295044864283537,54.18036379574841,45.81963620425159,12,4,0,1054.26,49.84,Medium
1299.0,951.0,1254.0,927.0,0.3659305993690852,1044.0,992.6666666666666,1.2442528735632183,182.26080219166116,0.061939729162693115,66062,1817325,816704,-0.061179245953358816,0.37198850664959476,0.0,1399.0184757505774,50.85604311008468,0.9587727615767169,64.07458200811182,35.92541799188819,1,1,0,1069.26,54.82,High
1719.0,1299.0,951.0,1254.0,0.3233256351039261,1168.0,1083.3333333333333,1.4717465753424657,189.2696489549685,0.06744879541709174,70272,961702,816704,0.06372801307862311,-0.47081452134318297,0.0,559.4543339150669,40.87958115183246,1.0543172213748093,67.85209609043807,32.14790390956194,2,1,0,1043.15,60.89,High
949.0,1719.0,1299.0,951.0,-0.447934845840605,1323.0,1157.3333333333333,0.7173091458805745,384.56208863527286,0.029052502678708098,75193,1305507,816704,0.07002789162112932,0.35749639701279606,0.0,1375.6659641728136,79.23393045310854,1.0913299887276793,52.28948861333982,47.71051138666018,3,1,1,1027.33,64.44,Medium
872.0,949.0,1719.0,1299.0,-0.08113804004214963,1322.3333333333333,1183.1666666666667,0.6594403831610789,385.52993833015984,0.02816355532588334,66680,1005324,816704,-0.11321532589469764,-0.22993595591597746,0.0,1152.894495412844,76.46788990825688,0.9456948758314542,59.686209744013205,40.31379025598679,4,2,1,1016.9,62.92,Medium
1403.0,872.0,949.0,1719.0,0.6089449541284404,1180.0,1174.0,1.1889830508474577,468.3727148495479,0.042074011875487316,77105,909951,1119981,0.15634373125374926,-0.09486792317700563,0.371342616174281,648.5751960085531,54.95723449750535,1.0903627236088524,58.02333924997167,41.97666075002832,5,2,1,1015.7,66.34,Medium
875.0,1403.0,872.0,949.0,-0.37633642195295797,1074.6666666666667,1198.8333333333333,0.8142059553349875,286.93959878148297,0.027064645839777298,79031,1036537,1119981,0.024978924842746903,0.13911298520469784,0.0,1184.6137142857142,90.32114285714286,1.0827252052717624,72.52768232149675,27.472317678503245,6,2,0,1022.12,71.6,Medium
881.0,875.0,1403.0,872.0,0.006857142857142857,1050.0,1186.1666666666667,0.839047619047619,305.7106475338195,0.02412178627166443,95507,959389,1119981,0.20847515531879895,-0.07442860216277856,0.0,1088.977298524404,108.40749148694665,1.2859085523481257,62.82240346705992,37.17759653294008,7,3,0,1048.48,72.93,Low
2258.0,881.0,875.0,1403.0,1.5629965947786606,1053.0,1116.5,2.144349477682811,303.1237371364159,0.055451866404715125,89565,922467,1119981,-0.06221533500162292,-0.03848491070879487,0.0,408.5327723649247,39.66563330380868,1.0677626637736795,63.31493815413892,36.685061845861085,8,3,0,1058.88,69.5,High
1142.0,2258.0,881.0,875.0,-0.4942426926483614,1338.0,1206.3333333333333,0.8535127055306427,796.7490194631696,0.02859718535583713,112399,901212,1119981,0.2549433372411098,-0.02304147465437788,0.0,789.1523642732049,98.422942206655,1.2767632325267038,79.99506050876761,20.004939491232403,9,3,1,1058.18,72.63,Medium
1237.0,1142.0,2258.0,881.0,0.08318739054290718,1427.0,1238.5,0.866853538892782,731.4034454495784,0.03313067466588103,108647,767269,1119981,-0.03338107990284611,-0.14862540667456714,0.0,620.2659660468877,87.83104284559418,1.0957068083947679,75.53403933434191,24.46596066565809,10,4,1,1031.65,81.61,Medium
1623.0,1237.0,1142.0,2258.0,0.3120452708164915,1545.6666666666667,1299.3333333333333,1.050032348501186,618.7247638076541,0.04675616501498041,117808,560414,1119981,0.08431894115806235,-0.2695990584788386,0.0,345.2951324707332,72.58656808379544,1.137834783700513,72.64041776696436,27.359582233035635,11,4,0,1049.56,80.3,High
1007.0,1623.0,1237.0,1142.0,-0.3795440542205792,1334.0,1336.0,0.7548725637181409,254.74889600452144,0.033672172808132145,88322,490571,1119981,-0.2502886051881027,-0.12462750752122538,0.0,487.1608738828203,87.70804369414101,0.781947387370372,76.9204020990074,23.079597900992603,12,4,0,1030.24,73.21,Low
1162.0,1007.0,1623.0,1237.0,0.15392254220456802,1289.0,1358.0,0.9014740108611327,311.27479823385386,0.043674359167105166,100420,560309,1119981,0.13697606485360386,0.14215679279859592,0.0,482.1936316695353,86.41996557659208,0.9570584890255641,69.47017623136014,30.529823768639854,1,1,0,1042.8,83.47,Medium
2934.0,1162.0,1007.0,1623.0,1.5249569707401032,1264.0,1404.8333333333333,2.3212025316455698,320.41691593224067,0.08003273322422258,69814,583472,1119981,-0.304779924317865,0.04133968934998367,0.0,198.86571233810497,23.794819359236538,0.6832229652585223,67.73517504167658,32.264824958323416,2,1,0,1041.52,92.36,High
1397.0,2934.0,1162.0,1007.0,-0.5238582140422631,1701.0,1517.5,0.8212815990593768,1070.6180458106853,0.041514368072271254,90931,569733,1119981,0.30247514825106714,-0.023546973976471878,0.0,407.82605583392984,65.09019327129563,1.0550635065517722,72.54410619349159,27.455893806508413,3,1,1,992.74,110.93,Low
2231.0,1397.0,2934.0,1162.0,0.5969935576234788,1831.0,1560.0,1.2184598580010924,962.4255815466872,0.050718377739383466,90432,818736,1119981,-0.005487677469729795,0.43705209282242735,0.0,366.98162259076645,40.5342895562528,1.0387915685486186,72.47758057858992,27.52241942141008,4,2,1,970.16,102.82,High
3701.0,2231.0,1397.0,2934.0,0.6588973554459884,2187.3333333333335,1725.6666666666667,1.6920146296860712,769.4298755239371,0.06322496882313751,84438,1061492,1856074,-0.06628184713375797,0.2965009478024662,0.6572370424141124,286.8122129154283,22.814914887868145,1.0085079445968381,73.79955332216639,26.20044667783361,5,2,1,975.61,108.16,High
5855.0,3701.0,2231.0,1397.0,0.5820048635503918,2443.0,2072.0,2.3966434711420384,1166.5384691536863,0.07733456610751552,113314,995029,1856074,0.34197872995570716,-0.06261281290862296,0.0,169.94517506404782,19.3533731853117,1.2789342402775008,69.28247463046954,30.717525369530456,6,2,0,946.45,113.27,Low
11789.0,5855.0,3701.0,2231.0,1.0134927412467976,3929.0,2880.0,3.000509035377959,1822.7265291357603,0.13608292643510983,104356,1347908,1856074,-0.07905466226591595,0.3546419250092208,0.0,114.33607600305369,8.85198065993723,1.0863476112483692,75.29599134563375,24.70400865436625,7,3,0,970.53,103.14,High
26482.0,11789.0,5855.0,3701.0,1.2463313258121977,7115.0,4651.166666666667,3.721995783555868,4188.631757509249,0.23337710292316233,127451,2164236,1856074,0.2213097474031201,0.6056259032515572,0.0,81.72479419983385,4.812740729552148,1.2656169316933017,75.75072147258403,24.24927852741596,8,3,0,970.65,96.63,High
27560.0,26482.0,11789.0,5855.0,0.040706895249603504,14708.666666666666,8575.833333333334,1.8737252413543037,10618.927550998154,0.21994158300480424,161900,3196978,1856074,0.27029211226275196,0.4771854825444175,0.0,116.00065312046443,5.874455732946299,1.4073325007750905,77.55416871187154,22.445831288128463,9,3,1,993.25,90.95,High
67159.0,27560.0,26482.0,11789.0,1.4368287373004354,21943.666666666668,12936.333333333334,3.0605186006592637,8810.70158008697,0.36061815038151135,235843,2520221,1856074,0.45672019765287214,-0.21168647391380235,0.0,37.52618413019849,3.5117110141604253,1.797095301836137,74.69487519829066,25.305124801709344,10,4,1,961.19,91.16,High
62422.0,67159.0,27560.0,26482.0,-0.07053410562992302,40400.333333333336,23757.666666666668,1.5450862616645076,23179.952595580202,0.3390804597701149,162138,1488272,1856074,-0.31251722544234933,-0.4094676617645833,0.0,23.842106949472942,2.5974496171221686,0.9261606187427884,67.36635301416605,32.633646985833934,11,4,0,959.54,86.26,High
84175.0,62422.0,67159.0,27560.0,0.3484829066675211,52380.333333333336,33544.5,1.6069962645013076,21625.13589167347,0.3642268050158802,141187,1435516,1856074,-0.12921708667924856,-0.03544782136598686,0.0,17.053947133947133,1.6773032373032373,0.7565196890053422,70.83004842887712,29.16995157112288,12,4,0,953.18,77.22,High
66900.0,84175.0,62422.0,67159.0,-0.20522720522720522,71252.0,46597.833333333336,0.9389210127435019,11439.525296095517,0.3079826903600037,163864,1734782,1856074,0.1606167706658545,0.20847277215997592,0.0,25.930971599402092,2.449387144992526,0.9117603418600511,78.53456471546923,21.465435284530763,1,1,0,942.22,80.42,High
94393.0,66900.0,84175.0,62422.0,0.41095665171898355,71165.66666666667,55783.0,1.3263839772924209,11486.739586729673,0.3765357735511871,148945,1684723,1856074,-0.09104501293755797,-0.028856075287845964,0.0,17.847965421164705,1.5779242104817095,0.9564330495795065,86.65780085162973,13.342199148370268,2,1,0,967.36,82.11,High
192318.0,94393.0,66900.0,84175.0,1.03741802887926,81822.66666666667,67101.5,2.35042449524989,13896.63147433008,0.4343254358091857,207120,2972100,1856074,0.3905804155896472,0.7641475779697908,0.0,15.454091660686988,1.0769662746076811,1.3686464197922448,86.24204293802063,13.757957061979372,3,1,1,981.44,78.51,High
128309.0,192318.0,94393.0,66900.0,-0.3328289603677243,117870.33333333333,94561.16666666667,1.0885605934204536,65922.73937218734,0.27989459424674806,205518,2546881,1856074,-0.007734646581691773,-0.1430702197099694,0.0,19.84958966245548,1.6017426680903133,1.1858426823662462,79.63973590810212,20.360264091897875,4,2,1,1000.63,83.44,High
183691.0,128309.0,192318.0,94393.0,0.43162989346031844,138340.0,104752.83333333333,1.327822755529854,49727.17694581105,0.36085202181326714,188108,2767217,2258361,-0.08471277455016106,0.08651209067090296,0.21674081960094263,15.064521397346631,1.0240458160715549,1.0048808457520972,81.53662561415612,18.463374385843878,5,2,1,945.98,74.96,High
196512.0,183691.0,128309.0,192318.0,0.06979656052827847,168106.0,124964.33333333333,1.1689767170713716,34734.09260366534,0.3194465215779857,240204,3161325,2258361,0.2769472856018883,0.14242034506148235,0.0,16.087185515388374,1.2223375671714705,1.1995285861245852,87.88722589627567,12.11277410372433,6,2,0,906.97,74.99,High
211468.0,196512.0,183691.0,128309.0,0.07610731151278294,169504.0,143687.16666666666,1.2475693788937134,36247.28305680301,0.3090783394646801,219720,2980880,2258361,-0.08527751411300395,-0.057078914695578596,0.0,14.096128019369361,1.0390224525696559,1.0399633971254123,79.61029016438847,20.389709835611527,7,3,0,908.28,80.45,High
263453.0,211468.0,196512.0,183691.0,0.24582915618438725,197223.66666666666,167781.83333333334,1.3358082447846862,13902.168332074283,0.3520936268371273,197608,2800105,2258361,-0.10063717458583651,-0.0606448431335713,0.0,10.628480222278737,0.7500692723180226,0.9148066762135204,70.4559790017702,29.544020998229804,8,3,0,905.07,86.46,High
250102.0,263453.0,211468.0,196512.0,-0.05067697084489454,223811.0,195958.5,1.117469650732091,35135.97311872823,0.34083036023341445,242912,2853698,2258361,0.22926197319946562,0.019139639406379402,0.0,11.410136664240989,0.9712517292944479,1.1082897866567711,90.1887124186837,9.811287581316298,9,3,1,902.22,93.25,High
255092.0,250102.0,263453.0,211468.0,0.019951859641266362,241674.33333333334,205589.16666666666,1.0555196179983255,26997.76343205719,0.3362854257683658,249927,2235950,2258361,0.028878770912923197,-0.21647280125647494,0.0,8.765269000987878,0.9797524030545842,1.1356188658669575,91.9125137190213,8.0874862809787,10,4,1,907.04,89.75,High
278322.0,255092.0,250102.0,263453.0,0.09106518432565505,256215.66666666666,226719.66666666666,1.0862801780271047,6746.055909442397,0.3879149581452915,167693,1987643,2258361,-0.32903207736659107,-0.11105212549475614,0.0,7.141523127887842,0.6025143538778824,0.7286279757895971,87.73620322863222,12.263796771367788,11,4,0,877.29,83.55,High
195869.0,278322.0,255092.0,250102.0,-0.29625038624327216,261172.0,242491.5,0.7499617110563154,15060.44156059141,0.3007608503712121,159764,1635050,2258361,-0.04728283231858217,-0.17739251968286054,0.0,8.3476711475527,0.815667614579132,0.7256151102444696,83.23782390744103,16.762176092558963,12,4,0,912.66,77.33,High
143152.0,195869.0,278322.0,255092.0,-0.26914417289106496,243094.33333333334,242384.33333333334,0.5888742778866366,42515.671302865776,0.23689484266529867,153676,1176140,2258361,-0.03810620665481585,-0.28067031589248037,0.0,8.216022130323013,1.0735162624343355,0.7984772698931734,81.85407794728047,18.14592205271953,1,1,0,901.89,78.85,High
183999.0,143152.0,195869.0,278322.0,0.28534005812004026,205781.0,230998.33333333334,0.8941496056487236,68127.95338919257,0.25467447857193276,135941,1304779,2258361,-0.11540513808271949,0.10937388406142126,0.0,7.091228756678025,0.7388137979010756,0.8476304888669038,76.87843742677161,23.121562573228392,2,1,0,885.76,80.88,High
338742.0,183999.0,143152.0,195869.0,0.8409991358648689,174340.0,217756.0,1.9429964437306413,27653.982226796896,0.3337829861744068,152814,1846787,2258361,0.12412002265688792,0.41540214856309,0.0,5.451898495019808,0.4511220929202756,1.0201632912828982,86.81364648564855,13.186353514351447,3,1,1,889.48,84.18,High
229252.0,338742.0,183999.0,143152.0,-0.3232253455432158,221964.33333333334,232529.33333333334,1.0328326022348935,103174.06130580169,0.24822347172009515,149994,1700142,2258361,-0.018453806588401588,-0.07940547556377645,0.0,7.416039990927015,0.6542756442691885,1.017067068085193,86.55929338380591,13.44070661619408,4,2,1,882.68,89.17,High
278423.0,229252.0,338742.0,183999.0,0.2144844974089648,250664.33333333334,228222.66666666666,1.1107403925302495,79562.64843714872,0.29030065114145254,185853,2804899,2640832,0.2390695627825113,0.6498027811794544,0.16935777760951415,10.074235964701192,0.6675202838845928,1.2707926399832252,84.3579001367989,15.642099863201096,5,2,1,877.84,84.04,High
258431.0,278423.0,229252.0,338742.0,-0.07180441271015685,282139.0,228239.5,0.9159704968118552,54839.50689967942,0.2568434506316458,216813,2632620,2640832,0.1665832674210263,-0.061420749909355025,0.0,10.186935777828511,0.8389589484233703,1.3310638663613426,79.96381989245091,20.03618010754909,6,2,0,864.31,82.56,High
242953.0,258431.0,278423.0,229252.0,-0.059892195595729614,255368.66666666666,238666.5,0.9513814015292923,24728.126179177518,0.23727686288604014,219329,2054509,2640832,0.01160447021165705,-0.2195953080961172,0.0,8.456405148320869,0.9027630858643442,1.1905819129301922,87.86280903813687,12.137190961863134,7,3,0,905.44,83.83,High
323465.0,242953.0,258431.0,278423.0,0.3313891987339115,259935.66666666666,255300.0,1.2444040640825231,17782.807464889338,0.28332369840936167,339006,3447749,2640832,0.545650597960142,0.6781376961600071,0.0,10.658800797613344,1.048045383580913,1.635090314230822,89.07774386307412,10.92225613692588,8,3,0,921.75,77.6,High
310652.0,323465.0,242953.0,258431.0,-0.03961170451208013,274949.6666666667,278544.3333333333,1.1298504332308095,42722.3044478329,0.30778376311156336,240646,1990755,2640832,-0.29014235736240657,-0.4225928279581837,0.0,6.408312194996331,0.7746481593551627,0.9313550444560265,90.95788314153796,9.042116858462045,9,3,1,924.51,73.52,High
323266.0,310652.0,323465.0,242953.0,0.04060492126237719,292356.6666666667,273862.6666666667,1.1057247426089136,43261.81864338718,0.31008134136515364,220817,2467969,2640832,-0.0823990425770634,0.2397150829710336,0.0,7.6344836759820085,0.6830814252040116,0.8291198413979807,88.83125043101137,11.168749568988638,10,4,1,902.2,74.94,High
341198.0,323266.0,310652.0,323465.0,0.05547134557918247,319127.6666666667,289531.6666666667,1.0691583201289347,7340.817007208518,0.373183155034885,156861,2206361,2640832,-0.2896334974209413,-0.10600133145918769,0.0,6.466512113201133,0.45973598907379293,0.5878841029446487,86.21819759740556,13.781802402594437,11,4,0,920.87,72.61,High
250546.0,341198.0,323266.0,310652.0,-0.26568737214168897,325038.6666666667,299994.1666666667,0.7708190615270388,15349.960564552655,0.3016489523084851,254334,2909248,2640832,0.6213972880448295,0.3185729805775211,0.0,11.611632195285496,1.0151189801473581,1.23398412482776,73.00517614671006,26.994823853289933,12,4,0,936.48,73.23,High
174717.0,250546.0,341198.0,323266.0,-0.3026550014767747,305003.3333333333,298680.0,0.5728363624441263,48006.14566212664,0.22028214047514283,195151,2472019,2640832,-0.23269794836710783,-0.15028935312493125,0.0,14.148703331673506,1.1169548469811181,0.9263320949602223,73.06335461675268,26.936645383247328,1,1,0,927.88,80.41,High
224482.0,174717.0,250546.0,341198.0,0.2848320426747254,255487.0,287307.3333333333,0.8786435317648256,83350.41062286368,0.28484960765006245,164524,2034112,2640832,-0.1569400105559285,-0.17714548310510558,0.0,9.061359039923023,0.7329050881585161,0.8140104824638078,70.82692053999384,29.17307946000616,2,1,0,961.82,77.92,High
383312.0,224482.0,174717.0,250546.0,0.7075400254808849,216581.66666666666,270810.1666666667,1.769826624291068,38526.88360526089,0.34336953844086626,259582,3048678,2640832,0.5777758868007099,0.4987758786143536,0.0,7.953515673915765,0.677208122886839,1.2682973702339868,73.91104666802259,26.088953331977404,3,1,1,981.76,72.49,High
257903.0,383312.0,224482.0,174717.0,-0.32717212088324915,260837.0,282920.1666666667,0.988751595824212,108946.00967910659,0.2408692111274864,187916,2157760,2640832,-0.2760823169557211,-0.29223092763486336,0.0,8.366556418498428,0.7286305316339864,0.9103619337367199,68.84335267250957,31.156647327490436,4,2,1,1011.07,67.74,High
291626.0,257903.0,383312.0,224482.0,0.13075846345331385,288565.6666666667,272026.3333333333,1.0106053272680857,83737.03822283972,0.2627320435144936,315499,3165190,2451911,0.6789363332552842,0.46688695684413467,-0.07153843940091607,10.853593301008827,1.0818616995741122,1.5465081320606122,83.6124011415453,16.3875988584547,5,2,1,959.27,63.73,High
287140.0,291626.0,257903.0,383312.0,-0.015382716218718496,310947.0,263764.3333333333,0.9234371130771482,64898.61401447635,0.24937729497632505,201015,2180809,2451911,-0.36286644331677753,-0.31100218312328803,0.0,7.59493278540085,0.7000592045691997,0.7903635269863446,83.10094329393907,16.899056706060936,6,2,0,938.98,69.26,High
299782.0,287140.0,291626.0,257903.0,0.04402730375426621,278889.6666666667,269863.3333333333,1.0749125400845494,18312.869309131198,0.2310877114544831,185151,1873698,2451911,-0.07891948362062533,-0.14082434546079,0.0,6.250201813317678,0.6176188029968444,0.7885141177973681,82.7883897775178,17.2116102224822,7,3,0,926.1,70.87,High
378852.0,299782.0,287140.0,291626.0,0.2637583310538992,292849.3333333333,290707.5,1.293675473622386,6409.1691609224345,0.2802887436013344,233908,2277293,2451911,0.26333641190163704,0.21540024059373494,0.0,6.0110359718306885,0.6174126043943281,1.0000840857104174,80.81919093086812,19.18080906913189,8,3,0,944.79,69.39,High
370709.0,378852.0,299782.0,287140.0,-0.021493881515737015,321924.6666666667,316435.8333333333,1.1515395941493558,49704.084352629594,0.31114156891446376,210083,2831359,2451911,-0.10185628537715682,0.24330026922315223,0.0,7.637686163540675,0.5667059607400954,1.0164093317894316,80.27384333402898,19.72615666597102,9,3,1,943.73,70.01,High
316776.0,370709.0,378852.0,299782.0,-0.14548608207515867,349781.0,314335.3333333333,0.9056409581995591,43491.40274812925,0.2769204947181806,194897,2592241,2451911,-0.07228571564572098,-0.08445343737759853,0.0,8.183198853448493,0.6152517867515216,0.9293466339872397,80.56399535423925,19.436004645760743,10,4,1,923.62,65.0,High
362879.0,316776.0,370709.0,378852.0,0.14553817208374373,355445.6666666667,324147.5,1.0209127133354652,33735.50729325585,0.33556253207632664,256144,3461329,2451911,0.31425316962292904,0.3352651238831575,0.0,9.538521104831087,0.7058661427087266,1.2027648038466836,55.15247438761692,44.84752561238308,11,4,0,937.29,64.47,High
304959.0,362879.0,316776.0,370709.0,-0.15961243279440254,350121.3333333333,336023.0,0.8710094786188407,29142.077248084406,0.2942060626173968,177617,3169132,2451911,-0.30657364607408333,-0.08441757486791923,0.0,10.391993677838661,0.5824291134218043,0.8059773960709338,77.53941715204255,22.46058284795745,12,4,0,917.63,62.05,High
225351.0,304959.0,362879.0,316776.0,-0.2610449273508898,328204.6666666667,338992.8333333333,0.6866172936805692,30604.614298064902,0.24368724689242016,195360,2973268,2451911,0.09989471728494458,-0.06180367368730618,0.0,13.193941895088107,0.8669142803892594,0.9322716007749842,82.02356026065006,17.97643973934994,1,1,0,932.89,61.97,High
232835.0,225351.0,304959.0,362879.0,0.03321041397641901,297729.6666666667,326587.6666666667,0.7820349332560074,69048.426059783,0.22198270930738076,159821,3078786,2451911,-0.18191543816543818,0.035488896392790695,0.0,13.223037773530612,0.6864131251744798,0.7621157138292951,75.15353592311558,24.846464076884416,2,1,0,913.38,68.4,High
481789.0,232835.0,225351.0,304959.0,1.0692292825391372,254381.66666666666,302251.5,1.8939611738267303,43960.80696863196,0.34741885262628835,184618,3051763,2451911,0.1551548294654645,-0.008777160867952499,0.0,6.334231375145551,0.3831926424223052,1.039519667866621,80.52566744066891,19.47433255933109,3,1,1,946.73,128.52,High
304053.0,481789.0,232835.0,225351.0,-0.3689083810547771,313325.0,320764.8333333333,0.9704077236096704,145942.08452670526,0.23114008980963915,137798,4347024,2451911,-0.25360474059950816,0.42443040301622376,0.0,14.296928496018786,0.4532038822179028,0.7658295032039704,78.72811718470882,21.27188281529118,4,2,1,920.58,105.7,High
500413.0,493250.0,487623.0,453379.0,0.01452204764318297,478084.0,441266.8333333333,1.046705181516219,21579.354740121435,0.4805628700881393,15007,933,724133,0.08612578707389448,-0.7379213483146068,8.677429270183223,0.001864459956076281,0.029989228896931133,1.2823207724515082,64.23919478981645,35.76080521018354,5,2,1,171.77,69.38,High
475007.0,500413.0,493250.0,487623.0,-0.05077006392719614,493762.0,457293.0,0.9620161130261138,6410.353578391869,0.4554036926463454,9520,1087,724133,-0.36562937295928566,0.16505894962486603,0.0,0.0022883873290288352,0.020041809910169746,0.6974018362961516,74.24242424242425,25.75757575757576,6,2,0,168.08,61.78,Medium
519132.0,475007.0,500413.0,493250.0,0.09289336788721009,489556.6666666667,467081.0,1.060412482041575,13099.493972414926,0.4879000538527255,11675,944,724133,0.2263655462184874,-0.13155473781048757,0.0,0.0018184199779632156,0.022489463180848032,0.9134414771541831,69.4055944055944,30.594405594405597,7,3,0,171.57,63.28,High
578112.0,519132.0,475007.0,500413.0,0.11361272277571022,498184.0,488134.0,1.1604387134070946,22146.788412769958,0.494289835419693,11023,2249,724133,-0.055845824411134906,1.382415254237288,0.0,0.003890249640208126,0.01906723956603565,0.9134578200099441,72.65774378585085,27.342256214149145,8,3,0,169.48,59.13,High
541350.0,578112.0,519132.0,475007.0,-0.06358975423447359,524083.6666666667,508922.8333333333,1.0329457573886103,51730.54714898475,0.5245858112305067,11768,1076,724133,0.06758595663612446,-0.5215651400622499,0.0,0.001987623533758197,0.021738246975154706,1.0957849649264386,79.27419354838709,20.7258064516129,9,3,1,168.52,61.13,High
567695.0,541350.0,578112.0,519132.0,0.048665373603029465,546198.0,517877.3333333333,1.039357522363685,29787.370276679343,0.5110580173438972,78983,34770,724133,5.711675730795378,31.314126394052046,0.0,0.061247677009661876,0.139129285972221,6.874862183020949,83.23368528177076,16.766314718229232,10,4,1,165.45,59.39,High
505369.0,567695.0,541350.0,578112.0,-0.1097878262094963,562385.6666666666,530284.8333333334,0.898616429887675,18947.372544322167,0.5018709594128922,77945,32332,724133,-0.01314206854639606,-0.07011791774518263,0.0,0.06397701481491741,0.15423383705767468,2.297590740267652,81.23189510596127,18.768104894038725,11,4,0,167.87,61.99,High
508877.0,505369.0,567695.0,541350.0,0.006941462574871035,538138.0,531110.8333333334,0.9456254715333242,31286.90264311889,0.5069758405977584,100000,29080,724133,0.2829559304637886,-0.10058146727700111,0.0,0.0571454398607129,0.19651114119915028,1.7783468487693839,77.28507770894468,22.71492229105532,12,4,0,165.74,64.91,High
481681.0,508877.0,505369.0,567695.0,-0.05344316996052091,527313.6666666666,536755.8333333334,0.9134620064844391,35015.21922440773,0.5178135088328473,95746,37814,724133,-0.04254,0.30034387895460796,0.0,0.0785042382821826,0.19877470774226097,1.117970793374019,55.730960581706846,44.26903941829315,1,1,0,169.55,64.32,High
104086.0,481681.0,508877.0,505369.0,-0.7839109286021246,498642.3333333333,530514.0,0.2087387954091343,14793.29704066438,0.24108937952248155,105586,43980,724133,0.10277191736469408,0.16306130004760142,0.0,0.4225352112676056,1.0144111600023058,1.1573562886613005,24.95382275180182,75.04617724819819,2,1,0,173.08,54.23,Low
16595.0,104086.0,481681.0,508877.0,-0.8405645331744903,364881.3333333333,451509.6666666667,0.04548053979193235,226264.35870532796,0.4564206936384389,115548,15632,724133,0.09434962968575379,-0.6445657116871305,0.0,0.9419704730340464,6.962820126544139,1.1503723467802955,15.829562113582766,84.17043788641723,3,1,1,172.43,33.71,High
3935.0,16595.0,104086.0,481681.0,-0.7628803856583308,200787.33333333334,364050.5,0.019597849797962023,247163.11972123454,0.3609429462483948,91332,20147,724133,-0.20957524145809533,0.2888306038894575,0.0,5.11994917407878,23.210165184243966,0.8646680131279979,36.51668197122743,63.48331802877257,4,2,1,172.83,20.39,High
5124.0,3935.0,16595.0,104086.0,0.3021601016518424,41538.666666666664,270090.5,0.12335494639532645,54536.18597164005,0.35374525371073523,84033,20872,1038997,-0.07991722506897911,0.035985506527026354,0.4348151513603164,4.073380171740827,16.399882903981265,0.8068045803383409,35.4837155521295,64.5162844478705,5,2,1,172.63,30.47,Medium
5051.0,5124.0,3935.0,16595.0,-0.014246682279469165,8551.333333333334,186716.33333333334,0.5906681219303033,6991.341812077778,0.3244475847893114,73075,79692,1038997,-0.13040115192840906,2.818129551552319,0.0,15.77746980795882,14.46743219164522,0.7535758113250354,35.73471695603006,64.26528304396993,6,2,0,169.66,40.8,Medium
9738.0,5051.0,5124.0,3935.0,0.9279350623638883,4703.333333333333,102745.33333333333,2.070446491849752,666.3965285824222,0.4271427318185806,87381,25730,1038997,0.19577146767020184,-0.6771319580384481,0.0,2.6422263298418565,8.973197781885398,1.0551561745290614,58.50088704908338,41.49911295091662,7,3,0,170.26,43.3,High
16275.0,9738.0,5051.0,5124.0,0.6712877387553913,6637.666666666667,24088.166666666668,2.4519158338773663,2685.2155096578094,0.5127599243856332,92823,157856,1038997,0.06227898513406804,5.135095219588029,0.0,9.699293394777266,5.703410138248848,1.138983757960481,58.47336941042438,41.52663058957562,8,3,0,172.31,44.0,High
15307.0,16275.0,9738.0,5051.0,-0.05947772657450077,10354.666666666666,9453.0,1.4782706670100438,5637.353309249575,0.5283559421490456,107024,117149,1038997,0.15299009943656205,-0.2578742651530509,0.0,7.653295877703012,6.9918338015287125,1.2676613536850667,59.50508788159112,40.49491211840888,9,3,1,171.9,41.51,High
11477.0,15307.0,16275.0,9738.0,-0.2502123211602535,13773.333333333334,9238.333333333334,0.8332768635043563,3528.0578698920754,0.4567414836039478,115313,51776,1038997,0.07744991777545224,-0.5580329324193976,0.0,4.511283436438093,10.047312015335018,1.2044055593465817,34.20278375014145,65.79721624985855,10,4,1,168.81,40.67,Medium
9174.0,11477.0,15307.0,16275.0,-0.20066219395312365,14353.0,10495.333333333334,0.6391695116003623,2537.279645599617,0.38359257400903163,101882,41210,1038997,-0.11647429171038824,-0.20407138442521633,0.0,4.492042729452802,11.105515587529975,0.9698121589034142,23.897374859485552,76.10262514051445,11,4,0,168.02,43.42,Medium
7987.0,9174.0,11477.0,15307.0,-0.12938739917157183,11986.0,11170.333333333334,0.6663607542132488,3098.0208198096293,0.37387071104245656,93076,19855,1038997,-0.08643332482676037,-0.5181994661489929,0.0,2.4859146112432704,11.653436834856642,0.8612326853145559,32.65080651101127,67.34919348898873,12,4,0,166.96,49.84,High
7346.0,7987.0,9174.0,11477.0,-0.08025541504945537,9546.0,11659.666666666666,0.7695369788393044,1774.489504047215,0.35027655922181955,63676,6893,1038997,-0.31587090119902017,-0.6528330395366406,0.0,0.9383337870950177,8.66811870405663,0.6156811303666794,31.98941895466569,68.0105810453343,1,1,0,0.0,54.82,Medium
11982.0,7346.0,7987.0,9174.0,0.6310917506125783,8169.0,11261.0,1.4667645978699964,927.4907007477865,0.47014046927725023,55018,22761,1038997,-0.1359695960801558,2.3020455534600317,0.0,1.899599399098648,4.591720914705391,0.6381759552108385,27.718832891246688,72.28116710875332,2,1,0,171.86,60.89,High
18980.0,11982.0,7346.0,7987.0,0.5840427307628109,9105.0,10545.5,2.084568918176826,2512.084194443669,0.581050053574162,66499,30721,1038997,0.20867716020211566,0.34972101401520145,0.0,1.6185985247629082,3.5036354056902,0.9420456155262785,40.72759538598048,59.27240461401952,3,1,1,172.35,64.44,High
16830.0,18980.0,11982.0,7346.0,-0.11327713382507903,12769.333333333334,11157.666666666666,1.318001461835648,5856.825875276413,0.5435695368516246,99197,41869,1038997,0.4917066422051459,0.36287881253865434,0.0,2.4877599524658347,5.894058229352347,1.6069235878245938,40.74101033629349,59.25898966370651,4,2,1,171.2,62.92,High
14221.0,16830.0,18980.0,11982.0,-0.15502079619726677,15930.666666666666,12049.833333333334,0.8926807833947105,3584.6340584929417,0.42646794218197087,81690,30997,853921,-0.1764871921529885,-0.25966705677231366,-0.17812948449321797,2.179663877364461,5.744321777652767,1.1103509519106174,55.4647265593068,44.53527344069321,5,2,1,175.22,66.34,Low
12942.0,14221.0,16830.0,18980.0,-0.08993741649673019,16677.0,12891.0,0.7760388559093362,2383.1863124762835,0.4003093102381689,74960,33379,853921,-0.08238462480107725,0.07684614640126464,0.0,2.5791222376757843,5.791995054860145,0.909024762921103,51.37335599892637,48.62664400107363,6,2,0,174.84,71.6,High
13469.0,12942.0,14221.0,16830.0,0.040720135991346,14664.333333333334,13716.833333333334,0.9184870320278226,1981.5509918514551,0.3687813158831421,79119,165222,853921,0.055482924226254005,3.9498786662272685,0.0,12.266834954339595,5.874155468111961,0.9277302450292558,53.09250136836344,46.90749863163656,7,3,0,177.12,72.93,Medium
17103.0,13469.0,12942.0,14221.0,0.2698047368030292,13544.0,14737.333333333334,1.2627731836975782,642.7900123477887,0.4200147347740668,82550,34748,853921,0.043365057697898106,-0.7896890244640544,0.0,2.0316903467227974,4.826638601414956,1.050392545245558,59.45888186014703,40.54111813985297,8,3,0,180.09,69.5,Low
19144.0,17103.0,13469.0,12942.0,0.11933578904285798,14504.666666666666,15590.833333333334,1.3198510824102587,2265.5980078794814,0.4793909951419843,77337,16449,853921,-0.0631496062992126,-0.5266202371359503,0.0,0.8592248223986627,4.039751358127873,0.9804842179107379,72.31694631631315,27.68305368368685,9,3,1,183.03,72.63,High
14035.0,19144.0,17103.0,13469.0,-0.2668721270371918,16572.0,15618.166666666666,0.8469104513637461,2874.522047223554,0.3759005811929185,73197,25904,853921,-0.05353194460607471,0.5748069791476685,0.0,1.8456715354470965,5.215318845742786,0.9187677296804264,72.57620314615133,27.42379685384867,10,4,1,183.08,81.61,Low
12472.0,14035.0,19144.0,17103.0,-0.11136444602778767,16760.666666666668,15152.333333333334,0.7441231454596078,2571.6462302011223,0.3592993777368057,72207,60069,853921,-0.013525144473134144,1.318908276714021,0.0,4.816308531109685,5.789528543938422,0.9293688112440149,72.01348747591521,27.986512524084777,11,4,0,186.8,80.3,Low
11691.0,12472.0,14035.0,19144.0,-0.06262026940346375,15217.0,14860.833333333334,0.7682854701978051,3489.5184481492856,0.3909248980137765,73151,13716,853921,0.013073524727519492,-0.7716625880237726,0.0,1.1732101616628174,6.257035326319391,0.9852384608132315,72.55800898203593,27.441991017964074,12,4,0,186.26,73.21,High
9489.0,11691.0,12472.0,14035.0,-0.18835001283038236,12732.666666666666,14652.333333333334,0.7452484423268234,1193.542765596337,0.35664887619333985,84145,21046,853921,0.15029186203879646,0.5344123651210265,0.0,2.2179365581199284,8.867636210348826,1.1550181876415546,78.13117926711263,21.86882073288737,1,1,0,189.34,83.47,Low
16752.0,9489.0,11691.0,12472.0,0.7654125829908315,11217.333333333334,13989.0,1.493403066682515,1546.8814865099528,0.4569558101472995,46857,9032,853921,-0.44313981817101433,-0.5708448161170768,0.0,0.5391595033428844,2.797098853868195,0.612501797362126,69.43913320586361,30.560866794136395,2,1,0,190.41,92.36,Medium
14726.0,16752.0,9489.0,11691.0,-0.12094078319006686,12644.0,13930.5,1.164663081303385,3724.1037848016545,0.43760958069596745,54349,25204,853921,0.15989073137418103,1.7905225863596104,0.0,1.7115306261034904,3.690683145457015,0.7986510117411941,71.58199907755156,28.41800092244845,3,1,1,190.02,110.93,High
10230.0,14726.0,16752.0,9489.0,-0.3053103354610892,13655.666666666666,13194.166666666666,0.7491395513462055,3747.9330748170273,0.2325634263890152,54359,99617,853921,0.00018399602568584518,2.952428186002222,0.0,9.737732160312806,5.313685239491691,0.879828002007003,69.24541607898449,30.75458392101552,4,2,1,192.03,102.82,Low
11253.0,10230.0,14726.0,16752.0,0.1,13902.666666666666,12560.0,0.8094130622422557,3338.04273988627,0.1922373883184994,56504,80365,840302,0.03945988704722309,-0.19326018651434995,-0.015948782147294657,7.141651115258154,5.021238780769573,1.0896538424452802,69.26960619320094,30.730393806799057,5,2,1,186.4,108.16,Low
12741.0,11253.0,10230.0,14726.0,0.1322314049586777,12069.666666666666,12356.833333333334,1.055621530558701,2356.631565032451,0.16828688416325452,71383,14435174,840302,0.26332649015998866,178.62015802899273,0.0,1132.970253512283,5.602621458284279,1.2962072972907537,72.93354943273907,27.06645056726094,6,2,0,192.75,113.27,High
17907.0,12741.0,11253.0,10230.0,0.40546267953849774,11408.0,12531.833333333334,1.56968793828892,1262.6555349634823,0.20670429753783287,64947,9403006,840302,-0.090161523051707,-0.3486045959681539,0.0,525.1022505165578,3.6269056793432735,1.0691098844419082,71.25519003513254,28.744809964867457,7,3,0,193.35,103.14,High
30248.0,17907.0,12741.0,11253.0,0.6891718322443737,13967.0,13934.833333333334,2.1656762368439892,3492.310982712465,0.2665656147277326,62018,596952,840302,-0.04509831093045098,-0.9365147698512583,0.0,19.73525522348585,2.0503173763554616,0.9648402252714771,66.38079923768686,33.61920076231314,8,3,0,194.84,96.63,Medium
29531.0,30248.0,17907.0,12741.0,-0.023704046548532136,20298.666666666668,16184.166666666666,1.4548246190225957,8995.210633070685,0.23567107720300703,58385,89995,840302,-0.05857976716437163,-0.8492424851579357,0.0,3.047475534184416,1.977074938200535,0.8830691511888197,70.29933679870945,29.70066320129056,9,3,1,199.66,90.95,Low
22940.0,29531.0,30248.0,17907.0,-0.22318919101960652,25895.333333333332,18651.666666666668,0.8858739026336793,6927.382213600482,0.12317902842138612,69861,168697,840302,0.19655733493191743,0.8745152508472693,0.0,7.353836094158675,3.0453792502179597,1.1307418397626112,51.30822195220737,48.691778047792624,10,4,1,195.94,91.16,Low
24174.0,22940.0,29531.0,30248.0,0.05379250217959895,27573.0,20770.0,0.8767272331628767,4028.279905862437,0.13131477739391173,102879,75878,840302,0.47262421093313867,-0.5502113256311612,0.0,3.1388268387523786,4.255770662695458,1.6221513265778076,65.00259432214068,34.99740567785931,11,4,0,184.64,86.26,Low
27367.0,24174.0,22940.0,29531.0,0.1320840572515926,25548.333333333332,22923.5,1.0711853349859743,3503.8427951762146,0.11841752269521345,34781,40872,840302,-0.6619232302024709,-0.4613458446453517,0.0,1.4934775459495013,1.2709102203383638,0.45145700378583015,58.28638248113107,41.71361751886893,12,4,0,181.44,77.22,Low
24946.0,27367.0,24174.0,22940.0,-0.08846420871852961,24827.0,25361.166666666668,1.004793168727595,2284.598214123194,0.1148420955713102,76741,115470,840302,1.2064057962680774,1.8251614797416325,0.0,4.628798204120901,3.076284775114247,1.1093961574973135,67.99804269374273,32.00195730625726,1,1,0,182.09,80.42,Low
45884.0,24946.0,27367.0,24174.0,0.8393329591918544,25495.666666666668,26534.333333333332,1.799678376717612,1665.9568821876128,0.18303229512381924,76137,36399,840302,-0.007870629780690896,-0.6847752663029358,0.0,0.7932830616336849,1.6593365879173567,1.065344844473673,86.40134663941325,13.598653360586749,2,1,0,188.79,82.11,High
73390.0,45884.0,24946.0,27367.0,0.5994682242175922,32732.333333333332,29140.333333333332,2.2421255231829895,11453.823044438428,0.16574186365309612,81670,56894,840302,0.07267163140128978,0.5630649193659166,0.0,0.7752282327292547,1.1128219103420085,1.305612840311416,89.30506963023942,10.694930369760582,3,1,1,189.13,78.51,Medium
105967.0,73390.0,45884.0,24946.0,0.4438888131898079,48073.333333333336,36450.166666666664,2.2042781861045624,24296.09370522986,0.23115752183046515,84996,71428,840302,0.04072486837271948,0.25545751748866313,0.0,0.6740589051308427,0.8020987665971482,1.0871463410474613,85.20388474401852,14.796115255981476,4,2,1,193.37,83.44,High
128171.0,105967.0,73390.0,45884.0,0.2095369313088037,75080.33333333333,50288.0,1.7071181534445328,30077.144850090284,0.25178568622212444,83778,80551,665872,-0.014330086121699845,0.12772302178417427,-0.20758013190495797,0.6284650974089303,0.6536423996067753,1.0351354802041162,78.21011673151752,21.78988326848249,5,2,1,186.31,74.96,High
168035.0,128171.0,105967.0,73390.0,0.3110219940548174,102509.33333333333,67620.83333333333,1.6392165916599466,27553.694567758343,0.27315480099615713,67802,58730,665872,-0.19069445439136767,-0.27089669898573576,0.0,0.3495105186419496,0.40349927098521143,0.8121815655396017,83.16065573770491,16.839344262295082,6,2,0,181.05,74.99,Medium
224805.0,168035.0,128171.0,105967.0,0.3378462820245782,134057.66666666666,91065.5,1.6769275908626389,31449.941006833687,0.32857149121076196,68701,45812,665872,0.013259195893926433,-0.21995572961008003,0.0,0.20378550299148152,0.3056026333933854,0.8711914987150006,87.3934394028678,12.606560597132194,7,3,0,178.49,80.45,High
259659.0,224805.0,168035.0,128171.0,0.1550410355641556,173670.33333333334,124375.33333333333,1.4951258226793676,48562.84820038178,0.3470231086793532,58344,31445,665872,-0.1507547197275149,-0.3136077883523968,0.0,0.12110113649055107,0.22469469573556086,0.794585098124668,82.78857869364835,17.211421306351646,8,3,0,181.09,86.46,High
263940.0,259659.0,224805.0,168035.0,0.016487007960440423,217499.66666666666,160004.5,1.2135191011786992,46246.786540616304,0.3596883082902472,79104,307714,665872,0.355820649938297,8.785784703450469,0.0,1.1658482988558005,0.29970447829052055,1.2179402300266362,86.44394110985277,13.556058890147224,9,3,1,184.27,93.25,High
249483.0,263940.0,259659.0,224805.0,-0.05477381223005229,249468.0,191762.83333333334,1.0000601279522825,21465.7731516943,0.3288911329127107,52889,43831,665872,-0.3313991707119741,-0.8575592920699091,0.0,0.1756873213806151,0.21199440442835785,0.7696714512318761,87.61114404267931,12.388855957320688,10,4,1,184.51,89.75,Medium
221469.0,249483.0,263940.0,259659.0,-0.11228821202246245,257694.0,215682.16666666666,0.8594262963049197,7426.111431967648,0.3086753395904009,48313,44343,665872,-0.08652082663691883,0.011681230179553284,0.0,0.2002221529875513,0.21814791234890663,0.7614862060450674,82.60259110345268,17.397408896547322,11,4,0,180.91,83.55,High
253675.0,221469.0,249483.0,263940.0,0.14541990075360434,244964.0,231231.83333333334,1.0355603272317564,21593.11188782199,0.3895231441316248,36899,12064,665872,-0.23625111253699832,-0.7279390208150103,0.0,0.04755691337341086,0.14545777076968563,0.6139396359522146,86.21409485637943,13.785905143620576,12,4,0,180.84,77.33,High
280035.0,253675.0,221469.0,249483.0,0.1039124864491968,241542.33333333334,245505.16666666666,1.1593619889957179,17509.918598706634,0.4634154413894106,30670,19273,665872,-0.16881216293124474,0.5975629973474801,0.0,0.06882353991465352,0.10952202403271019,0.666251511574862,79.0854145284525,20.914585471547497,1,1,0,185.15,78.85,High
343719.0,280035.0,253675.0,221469.0,0.22741443033906475,251726.33333333334,254710.16666666666,1.3654471324017219,29331.58818293571,0.47574420024166525,28662,56019,665872,-0.06547114444082165,1.9066050952109168,0.0,0.16297906138444485,0.0833878837073307,0.7420134274520632,68.21501257033401,31.78498742966599,2,1,0,184.86,80.88,High
391347.0,343719.0,280035.0,253675.0,0.13856667801314446,292476.3333333333,268720.1666666667,1.3380467251481318,46293.31015744433,0.38561787522774144,45778,93595,665872,0.597166980671272,0.6707724165015441,0.0,0.23916115365647367,0.11697547189578558,1.4271284721139756,82.52871943054478,17.47128056945521,3,1,1,185.75,84.18,Medium
411331.0,391347.0,343719.0,280035.0,0.05106465617469918,338367.0,289954.6666666667,1.2156356855130672,55848.663941047016,0.4453701989343537,64932,109294,665872,0.4184105902398532,0.1677333190875581,0.0,0.26570815231528866,0.15785826986052595,1.8532584911045573,77.50829889573878,22.49170110426123,4,2,1,190.05,89.17,High
395222.0,411331.0,391347.0,343719.0,-0.03916310708407584,382132.3333333333,316929.3333333333,1.0342542766598308,34735.11475917906,0.41208234932253135,45710,154695,662081,-0.2960327727468737,0.4154024923600564,-0.005693286397385684,0.3914129274180081,0.11565651709672033,0.983913555089975,80.97898599066043,19.02101400933956,5,2,1,189.18,84.04,High
397325.0,395222.0,411331.0,391347.0,0.005321060062445916,399300.0,345888.1666666667,0.995053844227398,10597.765188944612,0.3948842206322719,63866,160337,662081,0.39719973747538834,0.03647176702543715,0.0,0.40354118165229974,0.16073994840495814,1.2248945147679324,83.03535312676968,16.964646873230322,6,2,0,190.43,82.56,High
459069.0,397325.0,395222.0,411331.0,0.15539923236645065,401292.6666666667,369829.8333333333,1.143975552340021,8756.811881806048,0.4483437214944107,63882,286583,662081,0.0002505245357467197,0.7873790828068381,0.0,0.6242699899143702,0.1391555517797978,1.0982075320329154,83.32409204324924,16.675907956750763,7,3,0,190.39,83.83,High
505559.0,459069.0,397325.0,395222.0,0.1012701794283648,417205.3333333333,399668.8333333333,1.2117750172576893,36270.243896799766,0.44282022983673186,47930,151202,662081,-0.2497104035565574,-0.4723971763852008,0.0,0.2990788414408605,0.09480594747596226,0.8289614777064188,82.0857041251778,17.91429587482219,8,3,0,187.56,77.6,High
422809.0,505559.0,459069.0,397325.0,-0.16368020349751464,453984.3333333333,426642.1666666667,0.9313294952175296,54295.85679711981,0.41890522223400134,89835,203795,662081,0.8742958481118297,0.3478327006256531,0.0,0.4820025117724552,0.21247182533957412,1.5340850874896117,84.45957303748528,15.540426962514708,9,3,1,188.74,73.52,High
392230.0,422809.0,505559.0,459069.0,-0.07232343682371946,462479.0,431885.8333333333,0.8481033733423572,41480.256749446584,0.3762325902620573,74485,354321,662081,-0.17086881504981355,0.7386147844647808,0.0,0.9033500752109731,0.18990133340132065,1.108149389775201,84.0518885921404,15.948111407859594,10,4,1,193.56,74.94,Medium
297840.0,392230.0,422809.0,505559.0,-0.2406496188460852,440199.3333333333,428702.3333333333,0.6766025694420256,58631.76042328374,0.32576061669643475,55443,502593,662081,-0.25564878834664695,0.4184679993565157,0.0,1.6874597099113617,0.18615028203062048,0.7836466431095407,83.83339663248512,16.166603367514874,11,4,0,192.42,72.61,High
306787.0,297840.0,392230.0,422809.0,0.030039618587160893,370959.6666666667,412472.0,0.8270090459070573,65143.17347453486,0.3693612236150775,47278,73957,662081,-0.1472683657089263,-0.8528491244406508,0.0,0.24106953684478155,0.15410692108857285,0.6453952667191475,67.37881508078995,32.62118491921006,12,4,0,201.27,73.23,High
364460.0,306787.0,297840.0,392230.0,0.18799036465039262,332285.6666666667,397382.3333333333,1.0968273282928243,52105.70531461351,0.45950897117951056,50296,101498,662081,0.06383518761368924,0.3723920656597753,0.0,0.27848872304230915,0.13800142676836966,0.8514835840772886,65.39859891815199,34.60140108184801,1,1,0,197.26,80.41,High
340860.0,364460.0,306787.0,297840.0,-0.06475333369917138,323029.0,381614.1666666667,1.0551993783839841,36158.097613121325,0.4325239318234882,45594,51479,662081,-0.09348655956736122,-0.4928077400539912,0.0,0.15102681452795869,0.13376166167928183,0.8939006777024775,77.59687950479098,22.403120495209023,2,1,0,197.58,77.92,High
416849.0,340860.0,364460.0,306787.0,0.22293316904300886,337369.0,354164.3333333333,1.235587739241009,28994.551953772454,0.37341186482431193,41406,36768,662081,-0.09185419134096591,-0.28576701179121583,0.0,0.08820460166631082,0.0993309327838138,0.8676380196691998,73.79857256145917,26.201427438540843,3,1,1,201.68,72.49,Medium
443230.0,416849.0,340860.0,364460.0,0.06328670573756924,374056.3333333333,353171.0,1.1849284733404684,38892.7916243273,0.41395586886556496,36356,62521,662081,-0.12196300053132396,0.7004188424717145,0.0,0.1410576901383029,0.08202513367777452,0.7944004195315231,75.62178685563428,24.378213144365706,4,2,1,197.7,67.74,High
484390.0,443230.0,416849.0,340860.0,0.09286375019741444,400313.0,361671.0,1.2100281529703008,53150.575697728906,0.43639721615351695,37502,130911,446904,0.03152161954010342,1.0938724588538251,-0.32500101951271826,0.2702595016412395,0.07742108631474638,0.9120431920619995,71.57353628413111,28.426463715868884,5,2,1,191.88,63.73,High
477052.0,484390.0,443230.0,416849.0,-0.015148950226057516,448156.3333333333,392762.6666666667,1.064476756250981,34038.92243202397,0.41431335697933347,43050,156383,446904,0.1479387765985814,0.19457494022656613,0.0,0.32781122393365925,0.09024173465366458,1.1204712659633536,74.1335636154289,25.866436384571102,6,2,0,189.16,69.26,Medium
602147.0,477052.0,484390.0,443230.0,0.2622250823809564,468224.0,421140.1666666667,1.2860233563422636,21954.19294804552,0.46416653497936045,42723,132593,446904,-0.007595818815331011,-0.15212650991476057,0.0,0.22020038296296418,0.07095111326636187,1.096323604885893,66.35614475098531,33.64385524901469,7,3,0,192.68,70.87,High
604618.0,602147.0,477052.0,484390.0,0.004103649108938515,521196.3333333333,460754.6666666667,1.1600580459442986,70201.2776688099,0.4473187935625299,40667,101335,446904,-0.04812396133230344,-0.2357439683844547,0.0,0.1676016923082012,0.0672606505264481,0.9896653822754006,71.97851863667783,28.021481363322167,8,3,0,194.14,69.39,High
503186.0,604618.0,602147.0,477052.0,-0.16776212418419564,561272.3333333334,504714.3333333333,0.8965095375566347,72947.41167672329,0.42233148236431634,39898,196155,446904,-0.018909681068187967,0.9357082942714758,0.0,0.3898260285461042,0.07929075928185601,0.9466466308130339,73.99105471187852,26.008945288121488,9,3,1,196.82,70.01,High
472477.0,503186.0,604618.0,602147.0,-0.06102912243186416,569983.6666666666,519103.8333333333,0.8289307705308515,57861.668350759996,0.41303180980554655,38169,109584,446904,-0.04333550553912477,-0.44133975682495985,0.0,0.2319350994863242,0.08078488476687753,0.9287765232626046,68.8479403807871,31.152059619212903,10,4,1,200.45,65.0,Medium
377866.0,472477.0,503186.0,604618.0,-0.2002446679944209,526760.3333333334,523978.3333333333,0.7173395111375761,69152.89483697223,0.34942135462662,34132,103182,446904,-0.10576645969242054,-0.0584209373631187,0.0,0.27306505480778903,0.09032831744586706,0.8623983020870181,68.99163463712412,31.00836536287588,11,4,0,207.05,64.47,High
393834.0,377866.0,472477.0,503186.0,0.04225836672259478,451176.3333333333,506224.3333333333,0.8729048287846068,65318.943655981995,0.37994730591607345,31341,55147,446904,-0.0817707722957928,-0.4655366246050668,0.0,0.14002600080236852,0.07957921357729399,0.838002121231027,73.60409421953939,26.3959057804606,12,4,0,204.76,62.05,High
418703.0,393834.0,377866.0,472477.0,0.06314589395532128,414725.6666666667,492354.6666666667,1.0095902753386374,50647.37537457745,0.4527718152375494,33117,79656,446904,0.05666698573753231,0.44443034072569676,0.0,0.19024463641292277,0.0790942505785724,0.9585978657301093,73.68056517523203,26.31943482476797,1,1,0,205.46,61.97,High
504563.0,418703.0,393834.0,377866.0,0.20506182186418534,396801.0,461780.6666666667,1.271576936550059,20579.539815069285,0.4810456407166447,30004,113776,446904,-0.09400006039194371,0.4283418700411771,0.0,0.22549414047403396,0.059465319494295066,0.9129932041789227,75.46313245954455,24.536867540455447,2,1,0,207.91,68.4,High
501060.0,504563.0,418703.0,393834.0,-0.006942641454089975,439033.3333333333,445104.8333333333,1.1412800850353049,58096.641041744886,0.3613152029144045,32585,267098,446904,0.0860218637514998,1.3475776965265083,0.0,0.5330659002913822,0.06503213188041353,1.0348605788571066,72.22572509457756,27.77427490542245,3,1,1,218.7,128.52,Medium
574283.0,501060.0,504563.0,418703.0,0.14613619127449806,474775.3333333333,444750.5,1.2095889564608102,48591.64204195365,0.43656804634767293,43716,224959,446904,0.3415988951971766,-0.15776606339246269,0.0,0.39172150316133336,0.07612274784383309,1.3703216099304119,79.10077234277307,20.89922765722692,4,2,1,215.9,105.7,High
57026.0,76104.0,46068.0,51312.0,-0.2506832755177126,57828.0,53786.0,0.9861312858822716,16043.19220105525,0.05476392146016637,1312,1402,45071,0.46265328874024525,0.5272331154684096,4.798404734336807,0.02458527689124259,0.023007049416055834,1.14219384793964,95.54140127388536,4.45859872611465,5,2,1,151.64,69.38,Low
61728.0,57026.0,76104.0,46068.0,0.08245361764809034,59732.666666666664,54325.333333333336,1.0334043906740031,15199.830832391961,0.05918051552855771,748,130,45071,-0.4298780487804878,-0.9072753209700428,0.0,0.0021060134784862622,0.01211767755313634,0.6017699115044248,73.80952380952381,26.190476190476197,6,2,0,148.0,61.78,Low
59036.0,61728.0,57026.0,76104.0,-0.0436106791083463,64952.666666666664,54689.0,0.9089080253312669,9939.385158717481,0.05548428449652401,1306,390,45071,0.7459893048128342,2.0,0.0,0.006606138627278271,0.022122094992885696,1.3249915454852892,85.71428571428571,14.285714285714285,7,3,0,151.31,63.28,Low
65958.0,59036.0,61728.0,57026.0,0.1172504912256928,59263.333333333336,58545.666666666664,1.1129647336745598,2359.2289700945316,0.056394554973105755,931,142,45071,-0.2871362940275651,-0.6358974358974359,0.0,0.0021528851693501925,0.014115042906091755,0.8297682709447415,38.94736842105263,61.05263157894737,8,3,0,154.97,59.13,Low
45911.0,65958.0,59036.0,61728.0,-0.3039358379574881,62240.666666666664,60986.666666666664,0.73763670054948,3489.3611640719146,0.04448925681980935,1176,255,45071,0.2631578947368421,0.795774647887324,0.0,0.005554224477793993,0.02561477641523818,1.1819095477386934,62.7906976744186,37.2093023255814,9,3,1,153.3,61.13,Low
65544.0,45911.0,65958.0,59036.0,0.42763172224521356,56968.333333333336,60960.5,1.1505339223545243,10182.189663001438,0.059004899970562366,4297,1977,45071,2.6539115646258504,6.752941176470588,0.0,0.03016294397656536,0.06555901379226169,3.777029006738939,78.42323651452283,21.57676348547718,10,4,1,149.03,59.39,Low
58600.0,65544.0,45911.0,65958.0,-0.10594409862077384,59137.666666666664,59200.5,0.9909082198035094,11456.499567203473,0.058194385135604834,7120,11379,45071,0.6569699790551548,4.755690440060698,0.0,0.19418088737201364,0.12150170648464163,3.3354153653966274,76.1986301369863,23.8013698630137,11,4,0,150.67,61.99,Low
71751.0,58600.0,65544.0,45911.0,0.224419795221843,56685.0,59462.833333333336,1.2657845991002912,9955.60600867672,0.07148293897882939,5665,12662,45071,-0.20435393258426968,0.11275155989102734,0.0,0.1764714080639991,0.07895360343409848,1.349559278964504,89.46280991735537,10.537190082644628,12,4,0,148.66,64.91,Low
66962.0,71751.0,58600.0,65544.0,-0.06674471435938176,65298.333333333336,61133.333333333336,1.0254779346078255,6578.940973540751,0.07198504441417684,5592,10450,45071,-0.012886142983230361,-0.1746959406096983,0.0,0.1560586601355993,0.0835100504763896,0.982086406743941,47.10743801652893,52.89256198347108,1,1,0,152.38,64.32,Low
20966.0,66962.0,71751.0,58600.0,-0.6868970460858397,65771.0,62454.333333333336,0.31877271137735474,6655.9042210656835,0.048562534164713296,6932,1678,45071,0.2396280400572246,-0.8394258373205742,0.0,0.0800343413145092,0.3306305446914051,1.1316319312183707,28.38933951332561,71.61066048667439,2,1,0,156.4,54.23,Low
262.0,20966.0,66962.0,71751.0,-0.9875035772202614,53226.333333333336,54955.666666666664,0.004922375515878732,28040.692936040887,0.007205918754641217,6121,10054,45071,-0.1169936526255049,4.99165673420739,0.0,38.37404580152672,23.362595419847327,1.0095662213425698,16.541353383458645,83.45864661654136,3,1,1,157.67,33.71,Low
35.0,262.0,20966.0,66962.0,-0.8664122137404581,29396.666666666668,47347.5,0.0011906111804059418,34139.853622025585,0.0032104201064024947,3871,1084,45071,-0.3675869955889561,-0.8921822160334195,0.0,30.97142857142857,110.6,0.6228479485116654,30.77939233817701,69.22060766182298,4,2,1,158.08,20.39,Low
24.0,35.0,262.0,20966.0,-0.3142857142857143,7087.666666666667,36429.333333333336,0.003386163758641772,12019.525129277496,0.0016568864342423196,3311,2043,42754,-0.14466546112115733,0.8846863468634686,-0.05140777883783364,85.125,137.95833333333334,0.5869179862916568,37.93103448275862,62.06896551724138,5,2,1,159.87,30.47,Low
62.0,24.0,35.0,262.0,1.5833333333333333,107.0,26666.666666666668,0.5794392523364486,134.34656675859225,0.003982528263103803,3544,17183,42754,0.07037148897614014,7.41067058247675,0.0,277.14516129032256,57.16129032258065,0.7992182214538075,48.48484848484848,51.51515151515152,6,2,0,154.91,40.8,Low
78.0,62.0,24.0,35.0,0.25806451612903225,40.333333333333336,14718.5,1.933884297520661,19.553345830157355,0.0034213527502412492,3368,3357,42754,-0.04966139954853273,-0.8046324855962288,0.0,43.03846153846154,43.17948717948718,0.9420100689912362,61.71428571428571,38.285714285714285,7,3,0,153.73,43.3,Low
167.0,78.0,62.0,24.0,1.141025641025641,54.666666666666664,3571.1666666666665,3.054878048780488,27.736858747050576,0.005261499684940139,3429,9820,42754,0.01811163895486936,1.9252308608876973,0.0,58.80239520958084,20.53293413173653,1.00626039323095,63.92405063291139,36.07594936708861,8,3,0,152.91,44.0,Low
115.0,167.0,78.0,62.0,-0.31137724550898205,102.33333333333333,104.66666666666667,1.1237785016286646,56.57148869487333,0.003969486728107418,3030,968,42754,-0.1163604549431321,-0.9014256619144603,0.0,8.417391304347825,26.347826086956523,0.8790252393385553,58.86075949367089,41.13924050632912,9,3,1,151.42,41.51,Low
59.0,115.0,167.0,78.0,-0.48695652173913045,120.0,80.16666666666667,0.49166666666666664,44.710177810214255,0.00234797835084368,4551,1244,42754,0.501980198019802,0.28512396694214875,0.0,21.084745762711865,77.13559322033899,1.389335504223059,37.1764705882353,62.82352941176471,10,4,1,146.24,40.67,Low
89.0,59.0,115.0,167.0,0.5084745762711864,113.66666666666667,84.16666666666667,0.782991202346041,54.012344266419895,0.0037213580866365613,3495,410,42754,-0.23203691496374423,-0.6704180064308681,0.0,4.606741573033708,39.26966292134831,0.952316076294278,23.59882005899705,76.40117994100295,11,4,0,142.49,43.42,Low
59.0,89.0,59.0,115.0,-0.33707865168539325,87.66666666666667,95.0,0.6730038022813688,28.02379940611327,0.002761784393577681,3468,572,42754,-0.007725321888412017,0.3951219512195122,0.0,9.694915254237289,58.779661016949156,0.9393282773564464,17.903930131004365,82.09606986899564,12,4,0,140.35,49.84,Low
61.0,59.0,89.0,59.0,0.03389830508474576,69.0,94.5,0.8840579710144928,17.320508070510126,0.002908640091550639,3116,194,42754,-0.10149942329873125,-0.6608391608391608,0.0,3.180327868852459,51.08196721311475,0.8118811881188119,23.314606741573037,76.68539325842697,1,1,0,143.76,54.82,Low
129.0,61.0,59.0,89.0,1.1147540983606556,69.66666666666667,91.66666666666667,1.8516746411483251,16.772994161864613,0.005061602448403045,3479,2660,42754,0.11649550706033376,12.711340206185566,0.0,20.62015503875969,26.968992248062015,1.0355193967655523,30.06134969325153,69.93865030674846,2,1,0,142.96,60.89,Low
89.0,129.0,61.0,59.0,-0.31007751937984496,83.0,85.33333333333333,1.072289156626506,39.849717688092944,0.002724628807592224,3619,5460,42754,0.04024144869215292,1.0526315789473684,0.0,61.348314606741575,40.662921348314605,1.0789029116565636,46.33333333333333,53.66666666666666,3,1,1,145.98,64.44,Low
38.0,89.0,129.0,61.0,-0.5730337078651685,93.0,81.0,0.40860215053763443,34.17601497864811,0.0012273108972288612,4344,10603,42754,0.2003315833103067,0.9419413919413919,0.0,279.0263157894737,114.3157894736842,1.2758958292539653,64.77495107632095,35.22504892367906,4,2,1,142.64,62.92,Low
95.0,38.0,89.0,129.0,1.5,85.33333333333333,77.5,1.11328125,45.61067126401515,0.0028489174113836744,3898,47165,37171,-0.10267034990791897,3.4482693577289445,-0.13058427281657856,496.4736842105263,41.03157894736842,1.022024121657053,58.6073500967118,41.3926499032882,5,2,1,143.79,66.34,Low
79.0,95.0,38.0,89.0,-0.16842105263157894,74.0,78.5,1.0675675675675675,31.320919523868415,0.0024435508815341786,4218,28926,37171,0.08209338122113904,-0.38670624403689174,0.0,366.1518987341772,53.392405063291136,1.06685776915943,56.97865353037766,43.02134646962233,6,2,0,145.58,71.6,Low
94.0,79.0,95.0,38.0,0.189873417721519,70.66666666666667,81.83333333333333,1.3301886792452828,29.399546478712065,0.002573720669167374,3386,46004,37171,-0.19724988146040778,0.5904030975592892,0.0,489.40425531914894,36.02127659574468,0.8152487961476726,64.46469248291572,35.53530751708428,7,3,0,147.67,72.93,Low
197.0,94.0,79.0,95.0,1.0957446808510638,89.33333333333333,87.33333333333333,2.205223880597015,8.962886429833071,0.004837917485265226,2947,9868,37171,-0.12965150620200827,-0.7854969133118859,0.0,50.09137055837564,14.959390862944163,0.7686489306207616,79.06976744186046,20.930232558139537,8,3,0,149.6,69.5,Low
127.0,197.0,94.0,79.0,-0.3553299492385787,123.33333333333333,98.66666666666667,1.0297297297297299,64.23654203920329,0.003180247408223569,3601,41271,37171,0.22192059721750934,3.18230644507499,0.0,324.9685039370079,28.35433070866142,1.0238839920386693,78.06513409961686,21.93486590038314,9,3,1,152.31,72.63,Low
117.0,127.0,197.0,94.0,-0.07874015748031496,139.33333333333334,105.0,0.8397129186602871,52.595944075132316,0.003133620805099499,3705,29126,37171,0.02888086642599278,-0.294274429987158,0.0,248.94017094017093,31.666666666666668,1.118884638614858,78.99686520376176,21.00313479623825,10,4,1,150.65,81.61,Low
119.0,117.0,127.0,197.0,0.017094017094017096,147.0,118.16666666666667,0.8095238095238095,43.588989433355394,0.0034282092648075593,3152,14329,37171,-0.14925775978407557,-0.508034058916432,0.0,120.41176470588235,26.48739495798319,0.9222666536623427,83.31678252234359,16.683217477656406,11,4,0,153.21,80.3,Low
113.0,119.0,117.0,127.0,-0.05042016806722689,121.0,122.16666666666667,0.9338842975206612,5.291502605213347,0.003778505985420986,2784,36756,37171,-0.116751269035533,1.5651476027636262,0.0,325.27433628318585,24.63716814159292,0.7986230636833046,78.5876993166287,21.4123006833713,12,4,0,152.03,73.21,Low
76.0,113.0,119.0,117.0,-0.3274336283185841,116.33333333333333,127.83333333333333,0.6532951289398281,3.0550504339992717,0.002856498534165226,2421,25463,37171,-0.13038793103448276,-0.30724235498966157,0.0,335.0394736842105,31.855263157894736,0.7533450886837465,78.04878048780488,21.951219512195124,1,1,0,154.35,83.47,Low
272.0,76.0,113.0,119.0,2.5789473684210527,102.66666666666667,124.83333333333333,2.6493506493506493,23.28805129576495,0.007419530823786143,2053,37325,37171,-0.15200330441966128,0.46585241330558064,0.0,137.22426470588235,7.547794117647059,0.7369869570420008,71.37681159420289,28.6231884057971,2,1,0,154.21,92.36,Low
150.0,272.0,76.0,113.0,-0.4485294117647059,153.66666666666666,137.33333333333334,0.9761388286334057,104.13612885619742,0.00445751983596327,2337,18303,37171,0.138334145153434,-0.5096316141995981,0.0,122.02,15.58,0.9659685863874345,76.5321375186846,23.4678624813154,3,1,1,154.78,110.93,Low
140.0,150.0,272.0,76.0,-0.06666666666666667,166.0,141.16666666666666,0.8433734939759037,98.97474425236626,0.003182686187141948,2669,14099,37171,0.14206247325631152,-0.22968912200185762,0.0,100.70714285714286,19.064285714285713,1.175598296872706,81.90348525469169,18.096514745308312,4,2,1,161.9,102.82,Low
307.0,140.0,150.0,272.0,1.1928571428571428,187.33333333333334,145.0,1.6387900355871885,73.49376390657098,0.005244546184464527,2731,8300,52402,0.023229674035219184,-0.411305766366409,0.40975491646713835,27.035830618892508,8.895765472312704,1.1606459838504037,73.1585518102372,26.841448189762797,5,2,1,158.73,108.16,Medium
662.0,307.0,140.0,150.0,1.1563517915309447,199.0,176.33333333333334,3.3266331658291457,93.66429415642627,0.008743891163650772,3473,29564,52402,0.2716953496887587,2.5619277108433733,0.0,44.65861027190332,5.246223564954683,1.3466459868165956,78.54209445585215,21.45790554414784,6,2,0,164.77,113.27,Medium
1237.0,662.0,307.0,140.0,0.8685800604229608,369.6666666666667,267.8333333333333,3.3462578899909827,266.5826951119598,0.014278953261534555,4001,17225,52402,0.15202994529225453,-0.4173657150588554,0.0,13.924818108326596,3.2344381568310427,1.352755550546602,75.69786535303777,24.302134646962237,7,3,0,166.14,103.14,Low
2043.0,1237.0,662.0,307.0,0.6515763945028294,735.3333333333334,461.3333333333333,2.7783318223028104,469.3168794462424,0.018004282957179242,3569,6465,52402,-0.10797300674831292,-0.6246734397677793,0.0,3.1644640234948604,1.7469407733724915,1.0491915727584518,74.8015873015873,25.198412698412696,8,3,0,171.73,96.63,Low
3225.0,2043.0,1237.0,662.0,0.57856093979442,1314.0,756.5,2.454337899543379,693.7124764625685,0.025736995834197883,3527,21416,52402,-0.011768002241524236,2.3126063418406804,0.0,6.64062015503876,1.093643410852713,0.9581635425156207,82.0702402957486,17.929759704251385,9,3,1,182.79,90.95,Medium
11216.0,3225.0,2043.0,1237.0,2.477829457364341,2168.3333333333335,1269.0,5.172636433512682,999.9086624953148,0.060225631332792795,8427,29607,52402,1.3892826764956054,0.3824710496824804,0.0,2.6397111269614837,0.7513373751783167,2.278183292781833,71.82159233013756,28.178407669862445,10,4,1,180.83,91.16,Medium
14721.0,11216.0,3225.0,2043.0,0.3125,5494.666666666667,3115.0,2.679143411793254,4989.942117232744,0.0799654520565804,3600,40570,52402,-0.5728017087931648,0.3702840544465836,0.0,2.7559269071394605,0.24454860403505196,0.6957418024866328,75.69620253164557,24.30379746835443,11,4,0,170.49,86.26,Low
27146.0,14721.0,11216.0,3225.0,0.8440323347598668,9720.666666666666,5517.333333333333,2.7926068170907348,5892.07266870778,0.11746125154690921,3916,17494,52402,0.08777777777777777,-0.5687946758688687,0.0,0.644441169969793,0.1442569807706476,0.7553041018387553,82.70392749244712,17.29607250755287,12,4,0,162.73,77.22,Medium
26777.0,27146.0,14721.0,11216.0,-0.013593162896927724,17694.333333333332,9931.333333333334,1.5133093457415747,8370.887547526443,0.12327133781419759,5116,35050,52402,0.30643513789581206,1.003544072253344,0.0,1.3089591813870112,0.19105949135452066,0.9626795458822054,53.57142857142857,46.42857142857143,1,1,0,157.18,80.42,Low
16237.0,26777.0,27146.0,14721.0,-0.393621391492699,22881.333333333332,14188.0,0.7096177378940621,7069.463935358414,0.06476975363798826,3514,4555,52402,-0.31313526192337765,-0.8700427960057061,0.0,0.280532118002094,0.2164192892775759,0.8345471817606079,72.28327228327228,27.71672771672772,2,1,0,167.94,82.11,Low
27155.0,16237.0,26777.0,27146.0,0.6724148549608918,23386.666666666668,16553.666666666668,1.161131698973774,6194.541172139652,0.06132607041149782,5399,22975,52402,0.5364257256687536,4.04390779363337,0.0,0.8460688639292948,0.19882157981955442,1.2910090865614539,66.55656482246077,33.44343517753922,3,1,1,166.12,78.51,Low
38138.0,27155.0,16237.0,26777.0,0.4044559013073099,23389.666666666668,20542.0,1.6305491028801893,6197.273701663764,0.08319463198514895,5129,10938,52402,-0.05000926097425449,-0.523917301414581,0.0,0.2868005663642561,0.13448529026168127,1.0967994867773898,71.31715771230502,28.68284228769497,4,2,1,170.7,83.44,Low
28617.0,38138.0,27155.0,16237.0,-0.24964602233992345,27176.666666666668,25029.0,1.0529988961118606,10950.516076118663,0.05621670255064355,5886,17255,67705,0.14759212322090076,0.5775278844395685,0.29203083851761386,0.6029632735786421,0.20568193730999057,1.2575131747614299,75.53058676654182,24.469413233458177,5,2,1,168.77,74.96,Low
31874.0,28617.0,38138.0,27155.0,0.11381346751930671,31303.333333333332,27345.0,1.01823022042381,5963.963642858101,0.051813825256354404,5213,1163,67705,-0.11433910975195379,-0.9325992465951898,0.0,0.03648741921315179,0.163550229026793,0.9527842086024126,83.0,17.0,6,2,0,167.63,74.99,Low
39527.0,31874.0,28617.0,38138.0,0.2401016502478509,32876.333333333336,28133.0,1.202293443104969,4838.994144792208,0.05777204836675246,5857,19084,67705,0.12353731056972952,15.409286328460878,0.0,0.48280921901485063,0.14817719533483442,1.0827581957111168,80.49267643142477,19.507323568575234,7,3,0,164.17,80.45,Low
43031.0,39527.0,31874.0,28617.0,0.08864826574240392,33339.333333333336,30258.0,1.2906976744186045,5600.663026225848,0.05750908456699459,7509,6584,67705,0.2820556598941438,-0.6549989520016768,0.0,0.15300597243847458,0.1745021031349492,1.328556263269639,69.53605366126328,30.46394633873673,8,3,0,168.86,86.46,Low
30424.0,43031.0,39527.0,31874.0,-0.29297483209778996,38144.0,34723.666666666664,0.7976090604026845,5705.626959414709,0.0414607755225524,6190,14283,67705,-0.1756558796111333,1.1693499392466586,0.0,0.46946489613463055,0.20345779647646595,0.9995155821088325,80.88418430884184,19.115815691158154,9,3,1,171.95,93.25,Low
41375.0,30424.0,43031.0,39527.0,0.35994609518800946,37660.666666666664,35268.5,1.0986263298578536,6507.4197907721655,0.05454428006823473,6899,10791,67705,0.11453957996768982,-0.24448645242596093,0.0,0.260809667673716,0.16674320241691842,1.0583452648803435,74.93290391841117,25.06709608158884,10,4,1,172.98,89.75,Low
38052.0,41375.0,30424.0,43031.0,-0.08031419939577039,38276.666666666664,35808.0,0.9941304537141863,6850.829463162344,0.053035476848199675,6159,6078,67705,-0.10726192201768373,-0.4367528495968863,0.0,0.1597287921791233,0.1618574582150741,0.897028837751238,71.36490250696379,28.63509749303621,11,4,0,165.16,83.55,Low
42777.0,38052.0,41375.0,30424.0,0.12417218543046357,36617.0,37380.5,1.1682278722997514,5614.759033119757,0.06568495727414414,5313,5410,67705,-0.13735996103263517,-0.10990457387298454,0.0,0.1264698319190219,0.12420225822287678,0.8280860349127181,79.36507936507937,20.634920634920636,12,4,0,165.12,77.33,Low
25755.0,42777.0,38052.0,41375.0,-0.3979241181008486,40734.666666666664,39197.666666666664,0.6322624464010999,2426.711011499566,0.04262061775486732,4909,7790,67705,-0.07603990212685866,0.4399260628465804,0.0,0.3024655406717142,0.19060376625897885,0.8016438952697186,79.34200459066565,20.657995409334355,1,1,0,170.22,78.85,Low
35458.0,25755.0,42777.0,38052.0,0.376742380120365,35528.0,36902.333333333336,0.9980297230353524,8787.20962535889,0.0490776996679525,4359,7007,67705,-0.11203911183540435,-0.10051347881899872,0.0,0.1976140786282362,0.1229341756444244,0.7983029119101398,77.84330244313395,22.15669755686605,2,1,0,170.57,80.88,Medium
49235.0,35458.0,25755.0,42777.0,0.3885441931299002,34663.333333333336,35640.166666666664,1.4203769593230118,8538.778737813343,0.04851422417148426,4734,4228,67705,0.08602890571231935,-0.3966033966033966,0.0,0.08587387021427846,0.09615111201381131,0.9740072697345862,79.9373040752351,20.06269592476489,3,1,1,172.16,84.18,Low
42654.0,49235.0,35458.0,25755.0,-0.13366507565756067,36816.0,38775.333333333336,1.1585723598435462,11798.759383935241,0.04618378013168452,4677,1332,67705,-0.012040557667934094,-0.684957426679281,0.0,0.031228020818680546,0.10964973976649318,1.0020711326953293,80.3921568627451,19.607843137254903,4,2,1,176.18,89.17,Low
45790.0,42654.0,49235.0,35458.0,0.07352182679232898,42449.0,38988.5,1.078706212160475,6890.787400580569,0.047743422115870855,5000,2502,58681,0.06906136412230061,0.8783783783783784,-0.1332841001403146,0.05464075125573269,0.10919414719371041,1.0893246187363834,76.72826830937713,23.27173169062286,5,2,1,176.22,84.04,Low
54449.0,45790.0,42654.0,49235.0,0.1891024241100677,45893.0,40278.166666666664,1.1864336609068922,3291.70882673421,0.05411451816323306,5483,3969,58681,0.0966,0.5863309352517986,0.0,0.07289390071443001,0.10069973736891404,1.1414197488029976,68.82546652030736,31.174533479692645,6,2,0,177.9,82.56,Low
58305.0,54449.0,45790.0,42654.0,0.07081856416095796,47631.0,42223.5,1.2240977514643825,6109.211651268919,0.05694281400341042,5317,4434,58681,-0.03027539668064928,0.11715797430083144,0.0,0.07604836634936969,0.09119286510590859,1.0521767810026386,75.4259501965924,24.5740498034076,7,3,0,177.3,83.83,Low
61864.0,58305.0,54449.0,45790.0,0.0610410770945888,52848.0,47648.5,1.1706024825915835,6409.267274813862,0.05418681241678929,4907,6892,58681,-0.07711115290577393,0.5543527289129454,0.0,0.11140566403724299,0.07931915168757274,0.9317088607594937,83.64677023712184,16.35322976287817,8,3,0,171.25,77.6,Low
40033.0,61864.0,58305.0,54449.0,-0.35288697788697787,58206.0,52049.5,0.6877813283853899,3708.4912026321313,0.03966337698983176,4763,8483,58681,-0.029345832484206236,0.2308473592571097,0.0,0.21190018234956162,0.11897684410361452,0.9097217800980454,80.88962108731467,19.110378912685334,9,3,1,169.77,73.52,Low
52439.0,40033.0,61864.0,58305.0,0.30989433717183323,53400.666666666664,50515.833333333336,0.9819914857492417,11712.706960106754,0.05030023404826766,5317,7770,58681,0.11631324795297082,-0.08405045384887422,0.0,0.14817216194054045,0.1013940006483724,1.0643224127577233,76.10556348074181,23.894436519258203,10,4,1,178.03,74.94,Low
46766.0,52439.0,40033.0,61864.0,-0.1081828410152749,51445.333333333336,52146.666666666664,0.9090426083350611,10949.36849016112,0.05115001678896544,4662,6170,58681,-0.12318976866654129,-0.2059202059202059,0.0,0.13193345592952144,0.09968780738143096,0.9332087809434843,90.05275056518462,9.947249434815374,11,4,0,179.27,72.61,Low
58670.0,46766.0,52439.0,40033.0,0.25454389941410427,46412.666666666664,52309.333333333336,1.2640945718841121,6210.542837251284,0.07063670556280612,5765,17798,58681,0.2365937365937366,1.8846029173419774,0.0,0.30335776376342255,0.09826146241690813,1.173178673178673,77.32793522267207,22.672064777327936,12,4,0,189.29,73.23,Low
44278.0,58670.0,46766.0,52439.0,-0.24530424407704107,52625.0,53012.833333333336,0.8413871733966746,5954.179288533383,0.055825435509757916,4611,11184,58681,-0.20017346053772767,-0.371614788178447,0.0,0.2525859343240435,0.10413749491846967,0.8786204268292683,70.49028677150785,29.50971322849213,1,1,0,184.16,80.41,Low
30270.0,44278.0,58670.0,46766.0,-0.3163647861240345,49904.666666666664,50675.0,0.606556501062025,7692.2582726617575,0.038410196022698434,3854,10519,58681,-0.16417263066579918,-0.05945994277539342,0.0,0.34750578130161874,0.1273207796498183,0.7688522409894932,76.16279069767442,23.837209302325583,2,1,0,185.1,77.92,Low
44030.0,30270.0,44278.0,58670.0,0.45457548728113645,44406.0,45409.333333333336,0.9915326757645363,14200.432669464684,0.03944191879604954,4673,6858,58681,0.21250648676699532,-0.34803688563551666,0.0,0.1557574381103793,0.10613218260277084,0.9851721714687282,70.90267271810389,29.09732728189612,3,1,1,188.68,72.49,Low
64591.0,44030.0,30270.0,44278.0,0.46697706109470816,39526.0,46075.5,1.6341395537114811,8016.890170134546,0.0603249408340945,4329,6937,58681,-0.07361438048362937,0.011519393409157188,0.0,0.10739886361877042,0.06702172129244012,0.988506622012483,69.76645435244161,30.233545647558387,4,2,1,185.39,67.74,Low
51363.0,64591.0,44030.0,30270.0,-0.20479633385456178,46297.0,48100.833333333336,1.1094239367561614,17272.441257679817,0.046274015180522085,2387,7735,29277,-0.4486024486024486,0.11503531786074672,-0.5010821219815613,0.15059478613009364,0.04647314214512392,0.5570161792159304,73.63013698630137,26.36986301369863,5,2,1,176.96,63.73,Low
56109.0,51363.0,64591.0,44030.0,0.09240114479294434,53328.0,48867.0,1.0521489648964897,10420.393418676662,0.04872992492800245,2409,27682,29277,0.009216589861751152,2.57879767291532,0.0,0.4933611363595858,0.042934288616799446,0.6345596628325577,77.82974742750234,22.170252572497663,6,2,0,172.83,69.26,Low
64224.0,56109.0,51363.0,64591.0,0.14462920387103673,57354.333333333336,48440.166666666664,1.119775896038079,6701.3533956457795,0.04950723252380971,2585,11150,29277,0.0730593607305936,-0.597211184162994,0.0,0.1736111111111111,0.04024975087194818,0.8498630136986302,75.4257907542579,24.574209245742093,7,3,0,176.18,70.87,Low
64860.0,64224.0,56109.0,51363.0,0.009902840059790733,57232.0,51764.5,1.1332820799552699,6503.627987515883,0.04798583064094303,2635,7471,29277,0.019342359767891684,-0.3299551569506726,0.0,0.11518655565834104,0.040625963613937714,1.070993090367159,72.31884057971014,27.68115942028985,8,3,0,178.19,69.39,Low
40879.0,64860.0,64224.0,56109.0,-0.36973481344434167,61731.0,57529.5,0.6622118546597333,4879.168679191149,0.03431035177364014,2681,40970,29277,0.0174573055028463,4.483870967741935,0.0,1.0022260818513173,0.06558379608111745,1.0542666142351553,82.43526941917425,17.564730580825753,9,3,1,180.15,70.01,Low
44671.0,40879.0,64860.0,64224.0,0.09276156461752978,56654.333333333336,57004.333333333336,0.788483375793555,13665.53988444413,0.03905067119843626,2683,40582,29277,0.0007459903021260724,-0.009470344154259213,0.0,0.9084641042286943,0.06006133733294531,1.0187318061004937,78.31245880026367,21.68754119973632,10,4,1,183.18,65.0,Low
49635.0,44671.0,40879.0,64860.0,0.11112354771552013,50136.666666666664,53684.333333333336,0.9899940163552956,12890.974530008709,0.04589862262519592,2620,61766,29277,-0.02348117778606038,0.5220048297274654,0.0,1.2444041502971694,0.05278533293039186,0.9826228278534817,76.24918883841661,23.75081116158339,11,4,0,188.36,64.47,Low
68239.0,49635.0,44671.0,40879.0,0.37481615795305734,45061.666666666664,53396.333333333336,1.5143470059548028,4391.053328454715,0.0658328742780129,2054,21956,29277,-0.21603053435114503,-0.644529352718324,0.0,0.32175149108281187,0.03010008939169683,0.7717935871743486,77.16599190283401,22.83400809716599,12,4,0,184.41,62.05,Medium
37710.0,68239.0,49635.0,44671.0,-0.44738346107064875,54181.666666666664,55418.0,0.6959918791719216,12424.443220254712,0.040778368324583265,2109,33370,29277,0.026777020447906523,0.5198578976134086,0.0,0.884911164147441,0.05592680986475736,0.8599972815006116,80.29315960912052,19.70684039087948,1,1,0,183.06,61.97,Low
47197.0,37710.0,68239.0,49635.0,0.2515778308141077,51861.333333333336,50999.0,0.9100614459070341,15385.785008680361,0.04499717796371014,2132,37409,29277,0.010905642484589853,0.12103685945459994,0.0,0.792613937326525,0.04517236265016844,0.9429455992923486,81.83266932270917,18.167330677290835,2,1,0,182.25,68.4,Medium
59364.0,47197.0,37710.0,68239.0,0.2577918088014069,51048.666666666664,48055.166666666664,1.1628903138181865,15624.706791915594,0.042807479554964896,2512,39178,29277,0.17823639774859287,0.0472880857547649,0.0,0.659962266693619,0.04231520787008962,1.1971405877680699,73.21048901488307,26.789510985116937,3,1,1,193.37,128.52,Low
70802.0,59364.0,47197.0,37710.0,0.1926756957078364,48090.333333333336,51136.0,1.472270934560653,10854.605581656722,0.05382344735523764,2470,41345,29277,-0.016719745222929936,0.05531165449997447,0.0,0.583952430722296,0.03488602016892178,1.0972900932918703,82.37384506041222,17.626154939587778,4,2,1,188.42,105.7,Low
